Workbook
Name ___B140007: [1]건축!#REF!
Name ___B140007: [1]건축!#REF!
Name ___B140007: [1]건축!#REF!
Name ___B140007: #REF!
Name __B140007: [1]건축!#REF!
Name __B140007: [1]건축!#REF!
Name __B140007: [1]건축!#REF!
Name __B140007: #REF!
Name _1: #N/A
Name _2: #N/A
Name _3: #REF!
Name _3: #REF!
Name _3: #REF!
Name _3: #REF!
Name _3: #REF!
Name _3: #REF!
Name _B140007: [1]건축!#REF!
Name _B140007: [1]건축!#REF!
Name _B140007: [1]건축!#REF!
Name _B140007: #REF!
Name _B140007: #REF!
Name \a: #N/A
Name \z: #N/A
Name A: #N/A
Name AA: #REF!
Name AA: #REF!
Name AA: #REF!
Name CODE: #REF!
Name CODE: #REF!
Name CODE: #REF!
Name CODE: #REF!
Name CODE: #REF!
Name DATA: #REF!
Name DATA: #REF!
Name DATA: #REF!
Name DATA: #REF!
Name DATA: #REF!
Name DEMO: #REF!
Name DEMO: #REF!
Name DEMO: #REF!
Name DEMO: #REF!
Name DEMO: #REF!
Name DEMO: #REF!
Name T: #N/A
Name UNIT: #REF!
Name UNIT: #REF!
Name UNIT: #REF!
Name UNIT: #REF!
Name UNIT: #REF!
Name WW: #REF!
Name WW: #REF!
Name WW: #REF!
Name 經費: #REF!
Name 經費: #REF!
Name 經費: #REF!
Name 經費: #REF!
Name 經費: #REF!
Name 기: #REF!
Name 기: [18]경산!#REF!
Name 기: [18]경산!#REF!

Sheet ECSYSTEM

Sheet 표지
A4: =갑지!AE12 -> 파주시 운정 자동집하시설 운영비용 원가산정용역
B6: 설계내역서
B12: 2023. 07.
D17: 파 주 시
D18: 환경시설과

Sheet 설명서
A1: 설 계 설 명 서
B5: 1.사업명: | C5: =갑지!AE12 -> 파주시 운정 자동집하시설 운영비용 원가산정용역
B8: 2.사업위치: | C8: =갑지!AE10 -> 파주시 운정신도시 집하장(가람집하장, 산내집하장, 한울집하장, 한빛집하장)
B11: 3.사업목적: | C11: 파주시 운정신도시 자동집하시설을 운영관리함으로서 생활폐기물을 안정적으로 처리하는데 그 목적이 있음.
B15: 4.사업개요: | C15: =갑지!AE12 -> 파주시 운정 자동집하시설 운영비용 원가산정용역
B20: 5.과업수행방법: | C20: 과업지시서에 준함.
B22: 6.총용역기간: | C22: 2023년 2월 15일 ~ 2023년 07월14일(3년)
B24: -1차계약분: | C24: 2024년 1월 1일 ~ 2024년 12월 31일(12개월)
B25: -2차계약분: | C25: 2025년 1월 1일 ~ 2025년 12월 31일(12개월)
B26: -3차계약분: | C26: 2026년 1월 1일 ~ 2026년 12월 31일(12개월)

Sheet 36개월총괄
A1: <총괄원가내역서>
A2: 사업명 : 파주시 운정신도시 생활폐기물 자동집하시설 운영관리 용역(총괄) | K2: 단위 : 원/년
E3: 구 분 | G3: 합 계 | H3: 2024년(1차분) | I3: 2025년(2차분) | J3: 2026년(3차분) | K3: 비 고
A4: 비 목 | G4: 금 액 | H4: 금 액 | I4: 금 액 | J4: 금 액
A5: 고 정 비 | B5: 인 건 비 | C5: 기 본 급 | G5: =SUM(H5:J5) -> 2050385724 | H5: ='용역원가(24년)'!H7 -> 683461908 | I5: =H5 -> 683461908 | J5: =I5 -> 683461908
C6: 제수당 | E6: 년차수당 | G6: =SUM(H6:J6) -> 157111200 | H6: ='용역원가(24년)'!H8 -> 52370400 | I6: =H6 -> 52370400 | J6: =I6 -> 52370400
D7: 연장근로수당 | G7: =SUM(H7:J7) -> 0 | H7: ='용역원가(24년)'!H9 -> 0 | I7: =H7 -> 0 | J7: =I7 -> 0
D8: 휴일근로수당 | G8: =SUM(H8:J8) -> 320619600 | H8: ='용역원가(24년)'!H10 -> 106873200 | I8: =H8 -> 106873200 | J8: =I8 -> 106873200
E9: 소계 | G9: =SUM(H9:J9) -> 477730800 | H9: ='용역원가(24년)'!H11 -> 159243600 | I9: =H9 -> 159243600 | J9: =I9 -> 159243600
C10: 상여금 | G10: =SUM(H10:J10) -> 683461692 | H10: ='용역원가(24년)'!H12 -> 227820564 | I10: =H10 -> 227820564 | J10: =I10 -> 227820564
C11: 퇴직급여충당금 | G11: =SUM(H11:J11) -> 267631056 | H11: ='용역원가(24년)'!H13 -> 89210352 | I11: =H11 -> 89210352 | J11: =I11 -> 89210352
C12: 계 | G12: =SUM(H12:J12) -> 3479209272 | H12: ='용역원가(24년)'!H14 -> 1159736424 | I12: =H12 -> 1159736424 | J12: =I12 -> 1159736424
B13: 고 정 경 비 | C13: 보 험 료 | E13: 산재보험료 | G13: =SUM(H13:J13) -> 28903752 | H13: ='용역원가(24년)'!H15 -> 9634584 | I13: =H13 -> 9634584 | J13: =I13 -> 9634584
E14: 국민연금 | G14: =SUM(H14:J14) -> 144520416 | H14: ='용역원가(24년)'!H16 -> 48173472 | I14: =H14 -> 48173472 | J14: =I14 -> 48173472
E15: 고용보험료 | G15: =SUM(H15:J15) -> 36932508 | H15: ='용역원가(24년)'!H17 -> 12310836 | I15: =H15 -> 12310836 | J15: =I15 -> 12310836
E16: 국민건강보험료 | G16: =SUM(H16:J16) -> 113850036 | H16: ='용역원가(24년)'!H18 -> 37950012 | I16: =H16 -> 37950012 | J16: =I16 -> 37950012
E17: 노인장기요양보험료 | G17: =SUM(H17:J17) -> 14583924 | H17: ='용역원가(24년)'!H19 -> 4861308 | I17: =H17 -> 4861308 | J17: =I17 -> 4861308
E18: 임금채권보장보험료 | G18: =SUM(H18:J18) -> 1926396 | H18: ='용역원가(24년)'!H20 -> 642132 | I18: =H18 -> 642132 | J18: =I18 -> 642132
E19: 석면피해구제분담금 | G19: =SUM(H19:J19) -> 127944 | H19: ='용역원가(24년)'!H21 -> 42648 | I19: =H19 -> 42648 | J19: =I19 -> 42648
C20: 복리후생비 | G20: =SUM(H20:J20) -> 175292712 | H20: ='용역원가(24년)'!H22 -> 58430904 | I20: =H20 -> 58430904 | J20: =I20 -> 58430904
C21: 안전관리비 | G21: =SUM(H21:J21) -> 64713291 | H21: ='용역원가(24년)'!H23 -> 21571097 | I21: =H21 -> 21571097 | J21: =I21 -> 21571097
C22: 교육훈련비 | G22: =SUM(H22:J22) -> 6026292 | H22: ='용역원가(24년)'!H24 -> 2008764 | I22: =H22 -> 2008764 | J22: =I22 -> 2008764
C23: 소모품비 | G23: =SUM(H23:J23) -> 22587624 | H23: ='용역원가(24년)'!H25 -> 7529208 | I23: =H23 -> 7529208 | J23: =I23 -> 7529208
C24: 출장여비 | G24: =SUM(H24:J24) -> 3443796 | H24: ='용역원가(24년)'!H26 -> 1147932 | I24: =H24 -> 1147932 | J24: =I24 -> 1147932
C25: 통신 및 우편비 | G25: =SUM(H25:J25) -> 6230376 | H25: ='용역원가(24년)'!H27 -> 2076792 | I25: =H25 -> 2076792 | J25: =I25 -> 2076792
C26: 계 | G26: =SUM(H26:J26) -> 619139067 | H26: ='용역원가(24년)'!H28 -> 206379689 | I26: =H26 -> 206379689 | J26: =I26 -> 206379689
B27: 순용역원가 | G27: =SUM(H27:J27) -> 4098348339 | H27: ='용역원가(24년)'!H29 -> 1366116113 | I27: =H27 -> 1366116113 | J27: =I27 -> 1366116113
B28: 일반관리비(9%) | G28: =SUM(H28:J28) -> 368851320 | H28: ='용역원가(24년)'!H30 -> 122950440 | I28: =H28 -> 122950440 | J28: =I28 -> 122950440
B29: 이윤(10%) | G29: =SUM(H29:J29) -> 446719932 | H29: ='용역원가(24년)'!H31 -> 148906644 | I29: =H29 -> 148906644 | J29: =I29 -> 148906644
B30: 용역원가 | G30: =SUM(H30:J30) -> 4913919591 | H30: ='용역원가(24년)'!H32 -> 1637973197 | I30: =H30 -> 1637973197 | J30: =I30 -> 1637973197
B31: 부가가치세(10%) | G31: =SUM(H31:J31) -> 491391936 | H31: ='용역원가(24년)'!H33 -> 163797312 | I31: =H31 -> 163797312 | J31: =I31 -> 163797312
B32: 고정비 운영원가 | G32: =SUM(H32:J32) -> 5405311527 | H32: ='용역원가(24년)'!H34 -> 1801770509 | I32: =H32 -> 1801770509 | J32: =I32 -> 1801770509
A33: 변 동 비 | B33: 변동비부문 | C33: 소모자재비 | G33: =SUM(H33:J33) -> 81000000 | H33: ='용역원가(24년)'!H35 -> 27000000 | I33: =H33 -> 27000000 | J33: =I33 -> 27000000
C34: 수선유지비 | G34: =SUM(H34:J34) -> 1816520000 | H34: ='용역원가(24년)'!H36 -> 635840000 | I34: ='변동)수선유지비'!T30 -> 584840000 | J34: ='변동)수선유지비'!AE30 -> 595840000 | M34: 전문위탁사 자료참조
C35: 측정검사수수료 | G35: =SUM(H35:J35) -> 5409498 | H35: ='용역원가(24년)'!H37 -> 1803166 | I35: =H35 -> 1803166 | J35: =I35 -> 1803166
C36: 안전점검대행비 | G36: =SUM(H36:J36) -> 87840000 | H36: ='용역원가(24년)'!H38 -> 29280000 | I36: =H36 -> 29280000 | J36: =I36 -> 29280000
C37: 차량유지비 | G37: =SUM(H37:J37) -> 177804000 | H37: ='용역원가(24년)'!H39 -> 59268000 | I37: =H37 -> 59268000 | J37: =I37 -> 59268000
C38: 보안관리비 | G38: =SUM(H38:J38) -> 18720000 | H38: ='용역원가(24년)'!H40 -> 6240000 | I38: =H38 -> 6240000 | J38: =I38 -> 6240000
C39: 수집운반비 | G39: =SUM(H39:J39) -> 2.091136e+08 | H39: ='용역원가(24년)'!H41 -> 69704532 | I39: =H39 -> 69704532 | J39: =I39 -> 69704532
C40: 계 | G40: =SUM(H40:J40) -> 2.3964071e+09 | H40: ='용역원가(24년)'!H42 -> 829135680 | I40: =SUM(I33:I39) -> 7.781357e+08 | J40: =SUM(J33:J39) -> 7.891357e+08
C41: 용역원가 | G41: =SUM(H41:J41) -> 2.3964071e+09 | H41: ='용역원가(24년)'!H43 -> 829135680 | I41: =I40 -> 7.781357e+08 | J41: =J40 -> 7.891357e+08
C42: 부가가치세(10%) | G42: =TRUNC(G41*10%,0) -> 239640707 | H42: =TRUNC(H41*10%,0) -> 82913568 | I42: =TRUNC(I41*10%,0) -> 77813569 | J42: =TRUNC(J41*10%,0) -> 78913569
C43: 합계 | G43: =SUM(H43:J43) -> 2.6360478e+09 | H43: ='용역원가(24년)'!H45 -> 912049248 | I43: =SUM(I41:I42) -> 8.5594927e+08 | J43: =SUM(J41:J42) -> 8.6804927e+08
B44: 대납분 | C44: 전력비 | G44: =SUM(H44:J44) -> 5.1038573e+09 | H44: ='용역원가(24년)'!H46 -> 1618987235 | I44: =H44*(1+$M$44) -> 1.6999366e+09 | J44: =I44*(1+$M$44) -> 1.7849334e+09 | M44: 0.05
C45: 수도광열비 | G45: =SUM(H45:J45) -> 131101830 | H45: ='용역원가(24년)'!H47 -> 43700610 | I45: =H45 -> 43700610 | J45: =I45 -> 43700610
C46: 시설물보험료 | G46: =SUM(H46:J46) -> 209962500 | H46: ='용역원가(24년)'!H48 -> 69987500 | I46: =H46 -> 69987500 | J46: =I46 -> 69987500
C47: 합계 | G47: =SUM(H47:J47) -> 5.4449216e+09 | H47: ='용역원가(24년)'!H49 -> 1732675332 | I47: =SUM(I44:I46) -> 1.8136247e+09 | J47: =SUM(J44:J46) -> 1.8986215e+09
B48: 변동비 운영원가 | G48: =SUM(H48:J48) -> 8.0809694e+09 | H48: ='용역원가(24년)'!H50 -> 2644724580 | I48: =I43+I47 -> 2.669574e+09 | J48: =J43+J47 -> 2.7666708e+09
A49: 총계 | G49: =SUM(H49:J49) -> 13486280000 | H49: ='용역원가(24년)'!H51 -> 4446495000 | I49: =ROUNDDOWN(I32+I48,-3) -> 4471344000 | J49: =ROUNDDOWN(J32+J48,-3) -> 4568441000 | M49: =(I49-H49)*3 -> 74547000

Sheet 갑지
A1: 운 영 관 리 용 역 예 정 원 가 예 산 서
J3: 설계 | N3: 검산 | R3: 심사 | V3: 팀장 | Z3: 과장
A4: 2023년 7 월 일 설계
A7: =AE12 -> 파주시 운정 자동집하시설 운영비용 원가산정용역
F9: 사업개요 : | I9: =AE12&" : 1식" -> 파주시 운정 자동집하시설 운영비용 원가산정용역 : 1식 | AE9: 위치
AE10: 파주시 운정신도시 집하장(가람집하장, 산내집하장, 한울집하장, 한빛집하장)
E11: ◆ | F11: 전체분(3년간) | K11: : | L11: =차수별용역비!D13 -> 13486280000 | Q11: ="(금"&(NUMBERSTRING(L11,1))&"원)" -> (금일백삼십사억팔천육백이십팔만원) | AE11: 제목
AE12: 파주시 운정 자동집하시설 운영비용 원가산정용역
E14: ◆ | F14: 1차분(2024년) | K14: : | L14: =차수별용역비!D9 -> 4446495000 | Q14: ="(금"&(NUMBERSTRING(L14,1))&"원)" -> (금사십사억사천육백사십구만오천원)
E17: ◆ | F17: 2차분(2025년) | K17: : | L17: =차수별용역비!D10 -> 4471344000 | Q17: ="(금"&(NUMBERSTRING(L17,1))&"원)" -> (금사십사억칠천일백삼십사만사천원)
E20: ◆ | F20: 3차분(2026년) | K20: : | L20: =차수별용역비!D11 -> 4568441000 | Q20: ="(금"&(NUMBERSTRING(L20,1))&"원)" -> (금사십오억육천팔백사십사만일천원)

Sheet 2023년계약원가 비교
A2: 전기대비 용역원가비교표
J4: 단위 : 원/년
E5: 구 분 | G5: 원가계산기준 | H5: 2024년 계약금액 낙찰율적용 | I5: 차액 (원가-계약) | J5: 비 고
A6: 비 목
A7: 고 정 비 | B7: 인 건 비 | C7: 기 본 급 | G7: ='용역원가(24년)'!H7 -> 683461908
C8: 제수당 | E8: 년차수당 | G8: ='용역원가(24년)'!H8 -> 52370400
E9: 연장근로수당 | G9: ='용역원가(24년)'!H9 -> 0
E10: 휴일근로수당 | G10: ='용역원가(24년)'!H10 -> 106873200
E11: 소계 | G11: ='용역원가(24년)'!H11 -> 159243600
C12: 상여금 | G12: ='용역원가(24년)'!H12 -> 227820564 | J12: ="기본급의 "&단위당인건비!I5*100&"% 적용" -> 기본급의 400% 적용
C13: 퇴직급여충당금 | G13: ='용역원가(24년)'!H13 -> 89210352 | J13: (기본급+제수당+상여금)÷12
C14: 계 | G14: ='용역원가(24년)'!H14 -> 1159736424
B15: 고 정 경 비 | C15: 보 험 료 | E15: 산재보험료 | G15: ='용역원가(24년)'!H15 -> 9634584 | J15: ="(기본급+제수당+상여금)×"&K15&"%" -> (기본급+제수당+상여금)×0.9% | K15: ='고정)인적보험료'!M8 -> 0.9
E16: 국민연금 | G16: ='용역원가(24년)'!H16 -> 48173472 | J16: ="(기본급+제수당+상여금)×"&K16&"%" -> (기본급+제수당+상여금)×4.5% | K16: ='고정)인적보험료'!M9 -> 4.5
E17: 고용보험료 | G17: ='용역원가(24년)'!H17 -> 12310836 | J17: ="(기본급+제수당+상여금)×"&K17&"%" -> (기본급+제수당+상여금)×1.15% | K17: ='고정)인적보험료'!M10 -> 1.15
E18: 국민건강보험료 | G18: ='용역원가(24년)'!H18 -> 37950012 | J18: ="(기본급+제수당+상여금)×"&K18&"%" -> (기본급+제수당+상여금)×3.545% | K18: ='고정)인적보험료'!M11 -> 3.545
E19: 노인장기요양보험료 | G19: ='용역원가(24년)'!H19 -> 4861308 | J19: ="건강보험료×"&K19&"%" -> 건강보험료×12.81% | K19: ='고정)인적보험료'!M12 -> 12.81
E20: 임금채권보장보험료 | G20: ='용역원가(24년)'!H20 -> 642132 | J20: ="(기본급+제수당+상여금)×"&K20&"%" -> (기본급+제수당+상여금)×0.06% | K20: ='고정)인적보험료'!M13 -> 0.06
E21: 석면피해구제분담금 | G21: ='용역원가(24년)'!H21 -> 42648 | J21: ="(기본급+제수당+상여금)×"&K21&"%" -> (기본급+제수당+상여금)×0.004% | K21: ='고정)인적보험료'!M14 -> 0.004
C22: 인건비+보험료 | G22: =SUM(G14:G21) -> 1273351416 | H22: 580043006 | I22: =G22-H22 -> 693308410 | J22: 계약금액기준(보험료 포함) | K22: 낙찰율적용
C23: 복리후생비 | G23: ='용역원가(24년)'!H22 -> 58430904 | H23: 15117900 | I23: =G23-H23 -> 43313004
C24: 안전관리비 | G24: ='용역원가(24년)'!H23 -> 21571097 | H24: 1728665 | I24: =G24-H24 -> 19842432
C25: 교육훈련비 | G25: ='용역원가(24년)'!H24 -> 2008764 | H25: 1633976 | I25: =G25-H25 -> 374788
C26: 소모품비 | G26: ='용역원가(24년)'!H25 -> 7529208 | H26: 4429555 | I26: =G26-H26 -> 3099653
C27: 출장여비 | G27: ='용역원가(24년)'!H26 -> 1147932 | H27: 739200 | I27: =G27-H27 -> 408732
C28: 통신 및 우편비 | G28: ='용역원가(24년)'!H27 -> 2076792 | H28: 2194290 | I28: =G28-H28 -> -117498
C29: 수집운반비 | G29: ='용역원가(24년)'!#REF! -> #REF! | I29: =G29-H29 -> #REF! | J29: 신규
C30: 고정경비(보험료제외) | G30: ='용역원가(24년)'!H28-SUM(G15:G21) -> 92764697 | H30: =SUM(H23:H29) -> 25843586 | I30: =G30-H30 -> 66921111
C31: 계 | G31: ='용역원가(24년)'!H28 -> 206379689 | H31: =H30 -> 25843586 | I31: =G31-H31 -> 180536103 | J31: 계약금액기준(보험료 미포함)
B32: 순용역원가 | G32: ='용역원가(24년)'!H29 -> 1366116113 | H32: =SUM(H22,H30) -> 605886592 | I32: =G32-H32 -> 760229521 | J32: 인건비+경비
B33: ="일반관리비("&K33&"%)" -> 일반관리비(9%) | G33: ='용역원가(24년)'!H30 -> 122950440 | H33: 19989714 | I33: =G33-H33 -> 102960726 | J33: ="순용역원가×"&K33&"%(5%->10%)" -> 순용역원가×9%(5%->10%) | K33: ='용역원가(24년)'!K30 -> 9
B34: ="이윤("&K34&"%)" -> 이윤(10%) | G34: ='용역원가(24년)'!H31 -> 148906644 | H34: 38438727 | I34: =G34-H34 -> 110467917 | J34: ="(순용역원가+일반관리비)×"&K34&"%" -> (순용역원가+일반관리비)×10% | K34: ='용역원가(24년)'!K31 -> 10
B35: 용역원가 | G35: ='용역원가(24년)'!H32 -> 1637973197 | H35: =SUM(H32:H34) -> 664315033 | I35: =G35-H35 -> 973658164 | J35: 순용역원가+일.관+이윤
B36: 부가가치세(10%) | G36: ='용역원가(24년)'!H33 -> 163797312 | H36: 66431503 | I36: =G36-H36 -> 97365809 | J36: 용역원가×10%
B37: 고정비 운영원가 | G37: ='용역원가(24년)'!H34 -> 1801770509 | H37: =SUM(H35:H36) -> 730746536 | I37: =G37-H37 -> 1071023973 | J37: 용역원가+부가가치세
A38: 변 동 비 | B38: 변동비부문 | C38: 소모자재비 | G38: ='용역원가(24년)'!H35 -> 27000000 | H38: 21000000 | I38: =G38-H38 -> 6000000
C39: 수선유지비 | G39: ='용역원가(24년)'!H36 -> 635840000 | H39: 198629639 | I39: =G39-H39 -> 437210361
C40: 측정검사수수료 | G40: ='용역원가(24년)'!H37 -> 1803166 | H40: 5894727 | I40: =G40-H40 -> -4091561
C41: 안전점검대행비 | G41: ='용역원가(24년)'!H38 -> 29280000 | H41: 27480000 | I41: =G41-H41 -> 1800000
C42: 차량유지비 | G42: ='용역원가(24년)'!H39 -> 59268000 | H42: 46523360 | I42: =G42-H42 -> 12744640
C43: 보안관리비 | G43: ='용역원가(24년)'!H40 -> 6240000 | H43: 6240000 | I43: =G43-H43 -> 0
C44: 수집운반비 | G44: ='용역원가(24년)'!H41 -> 69704532 | I44: =G44-H44 -> 69704532 | J44: 신규
C45: 계 | G45: ='용역원가(24년)'!H42 -> 829135680 | H45: =SUM(H38:H43) -> 305767726 | I45: =G45-H45 -> 523367954
C46: 용역원가 | G46: ='용역원가(24년)'!H43 -> 829135680 | H46: =H45 -> 305767726 | I46: =G46-H46 -> 523367954 | J46: 변동경비
C47: 부가가치세(10%) | G47: ='용역원가(24년)'!H44 -> 82913568 | H47: 30576773 | I47: =G47-H47 -> 52336795 | J47: 용역원가×10%
C48: 합계 | G48: ='용역원가(24년)'!H45 -> 912049248 | H48: =SUM(H46:H47) -> 336344499 | I48: =G48-H48 -> 575704749 | J48: 용역원가+부가가치세
B49: 대납분 | C49: 전력비 | G49: ='용역원가(24년)'!H46 -> 1618987235 | H49: 937219214 | I49: =G49-H49 -> 681768021
C50: 수도광열비 | G50: ='용역원가(24년)'!H47 -> 43700610 | H50: 28697451 | I50: =G50-H50 -> 15003159
C51: 시설물보험료 | G51: ='용역원가(24년)'!H48 -> 69987500 | H51: 66992300 | I51: =G51-H51 -> 2995200
C52: 합계 | G52: ='용역원가(24년)'!H49 -> 1732675332 | H52: =SUM(H49:H51) -> 1032908965 | I52: =G52-H52 -> 699766367
B53: 변동비 운영원가 | G53: ='용역원가(24년)'!H50 -> 2644724580 | H53: =SUM(H48,H52) -> 1369253464 | I53: =G53-H53 -> 1275471116 | J53: 변동비부문+대납분
A54: 총계 | G54: ='용역원가(24년)'!H51 -> 4446495000 | H54: =SUM(H37,H53) -> 2100000000 | I54: =G54-H54 -> 2346495000 | J54: 고정비운영원가+변동비운영원가
A55: 주 : 신규계약 예정금액에는 4개의 각 집하장에 모여진 일반생활폐기물 및 음식물폐기물을 소각장으로 운반하는 업무가 추가된 상태임
A56: (현재는 생활폐기물 수집운반업체인 ㈜엠에스환경에서 자동집하시설 수송업무를 대행중임)

Sheet 간지#
D3: 1. 운영원가 산정
F7: [ 표 : 1 ] | H7: =용역원가집계!$A$2 -> 용역원가집계표 | Z7: =용역원가집계!$A$1 -> [ 표 : 1 ]
F8: [ 표 : 2 ] | H8: ='용역원가(24년)'!$A$2 -> 용역원가계산서(2024년) | Z8: ='용역원가(24년)'!$A$1 -> [ 표 : 2 ]
F9: [ 표 : 3 ] | H9: ='용역원가(25년) '!$A$2 -> 용역원가계산서(2025년)
F10: [ 표 : 4 ] | H10: ='용역원가(26년)'!$A$2 -> 용역원가계산서(2026년)
F11: [ 표 : 5 ] | H11: =인건비집계!$A$2 -> 인건비집계표 | Z11: =인건비집계!$A$1 -> [ 표 : 5 ]
F12: [ 표 : 6 ] | H12: =제수당집계!$A$2 -> 제수당집계표 | Z12: =제수당집계!$A$1 -> [ 표 : 6 ]
F13: [ 표 : 7 ] | H13: =단위당인건비!$A$2 -> 직책별 단위(1인)당 인건비산출표 | Z13: =단위당인건비!$A$1 -> [ 표 : 7 ]
F14: [ 표 : 8 ] | H14: =월기본급!$A$2 -> 월(M/M)당기본급산출표 | Z14: =월기본급!$A$1 -> [ 표 : 8 ]
F15: [ 표 : 9 ] | H15: =기본급추정!$A$2 -> 엔지니어링기술자노임단가 기본급추정 산출표 | Z15: =기본급추정!$A$1 -> [ 표 : 9 ]
F16: [ 표 : 10 ] | H16: =인건비산정기준!$A$2 -> 인건비산정기준 및 관련법규 | Z16: =엔지니어노임!$A$1 -> [ 표 : 10 ]
F17: [ 표 : 11 ] | H17: =보험료산정기준!$A$2 -> 보험료산정기준표 | Z17: =엔지니어노임!$A$1 -> [ 표 : 10 ]
F18: [ 표 : 12 ] | H18: =투입인원!$A$2 -> 적용직종 및 근무형태 | Z18: =인건비산정기준!$A$1 -> [ 표 : 10 ]
F19: [ 표 : 13 ] | H19: =근무일수!$A$2 -> 용역기간현황표 | Z19: =투입인원!$A$1 -> [ 표 : 12 ]
F20: [ 표 : 14 ] | H20: =가동시간!$A$2 -> 2023년 설비가동시간 및 처리량 산출표 | Z20: =근무일수!$A$1 -> [ 표 : 13 ]
F21: [ 표 : 15 ] | H21: =기간현황!$A$2 -> 2023년 상반기 용역기간현황표 | Z21: =가동시간!$A$1 -> [ 표 : 14 ]
F22: [ 표 : 16 ] | H22: =경비집계!$A$2 -> 경비집계표 | Z22: =기간현황!$A$1 -> [ 표 : 15 ]
F23: [ 표 : 17 ] | H23: ='고정)인적보험료집계'!$A$2 -> 보험료집계표 | Z23: =경비집계!$A$1 -> [ 표 : 16 ]
F24: [ 표 : 18 ] | H24: ='고정)인적보험료'!$A$2 -> 단위(1인)당 보험료산출표 | Z24: ='고정)인적보험료집계'!$A$1 -> [ 표 : 17 ]
F25: [ 표 : 19 ] | H25: ='고정)복리후생비집계'!$A$2 -> 복리후생비집계표 | Z25: ='고정)인적보험료'!$A$1 -> [ 표 : 18 ]
F26: [ 표 : 20 ] | H26: ='고정)피복비'!$A$2 -> 단위(1인)당 피복비산출표 | Z26: ='고정)복리후생비집계'!$A$1 -> [ 표 : 19 ]
F27: [ 표 : 21 ] | H27: ='고정)식대'!$A$2 -> 단위(1인)당 식대산출표 | Z27: ='고정)피복비'!$A$1 -> [ 표 : 20 ]
F28: [ 표 : 22 ] | H28: ='고정)건강검진비'!$A$2 -> 단위(1인)당 건강검진비산출표 | Z28: ='고정)식대'!$A$1 -> [ 표 : 21 ]
F29: [ 표 : 23 ] | H29: ='고정)의약품'!$A$2 -> 단위(1인)당 의약품비산출표 | Z29: ='고정)건강검진비'!$A$1 -> [ 표 : 22 ]
F30: [ 표 : 24 ] | H30: ='고정)안전관리비'!$A$2 -> 안전관리비산출표 | Z30: ='고정)의약품'!$A$1 -> [ 표 : 23 ]
F31: [ 표 : 25 ] | H31: ='고정)교육훈련비'!$A$2 -> 교육훈련비산출표 | Z31: ='고정)안전관리비'!$A$1 -> [ 표 : 24 ]
F32: [ 표 : 26 ] | H32: ='고정)소모품비'!$A$2 -> 소모품비산출표 | Z32: ='고정)교육훈련비'!$A$1 -> [ 표 : 25 ]
F33: [ 표 : 27 ] | H33: ='고정)출장여비'!$A$2 -> 출장여비산출표 | Z33: ='고정)소모품비'!$A$1 -> [ 표 : 26 ]
F34: [ 표 : 28 ] | H34: =운임!$A$2 -> 국내여비운임조사표 | Z34: ='고정)출장여비'!$A$1 -> [ 표 : 27 ]
F35: [ 표 : 29 ] | H35: ='고정)통신비'!$A$2 -> 통신비산출표 | Z35: =운임!$A$1 -> [ 표 : 28 ]
F36: [ 표 : 30 ] | H36: ='변동)소모자재비'!$A$2 -> 소모자재비산출표 | Z36: ='고정)통신비'!$A$1 -> [ 표 : 29 ]
F37: [ 표 : 31 ] | H37: ='변동)수선유지비'!$A$2 -> 수선유지비산출표 | Z37: ='변동)소모자재비'!$A$1 -> [ 표 : 30 ]
F38: [ 표 : 32 ] | H38: ='변동)측정검사수수료'!$A$2 -> 측정검사수수료산출표 | Z38: ='변동)수선유지비'!$A$1 -> [ 표 : 31 ]
F39: [ 표 : 33 ] | H39: ='변동)안전점검대행비'!$A$2 -> 안전점검 대행수수료산출표 | Z39: ='변동)측정검사수수료'!$A$1 -> [ 표 : 32 ]
F40: [ 표 : 34 ] | H40: ='변동)차량유지비'!$A$2 -> 차량유지비산출표 | Z40: ='변동)안전점검대행비'!$A$1 -> [ 표 : 33 ]
F41: [ 표 : 35 ] | H41: ='변동)보안관리비'!$A$2 -> 보안관리비산출표 | Z41: ='변동)차량유지비'!$A$1 -> [ 표 : 34 ]
F42: [ 표 : 36 ] | H42: ='변동)수집운반비'!$A$2 -> 수집운반비 산출표 | Z42: ='변동)보안관리비'!$A$1 -> [ 표 : 35 ]
F43: [ 표 : 37 ] | H43: ='변동-대)전력비'!$A$2 -> 전력비산출표 | Z43: ='변동-대)전력비'!$A$1 -> [ 표 : 37 ]
F44: [ 표 : 38 ] | H44: =전력사용량!$A$2 -> 전력사용량(kWh)산출표 | Z44: =전력사용량!$A$1 -> [ 표 : 38 ]
F45: [ 표 : 39 ] | H45: ='변동-대)수도광열비'!$A$2 -> 수도광열비산출표 | Z45: ='변동-대)수도광열비'!$A$1 -> [ 표 : 39 ]
F46: [ 표 : 40 ] | H46: ='변동-대)시설물보험료'!$A$2 -> 시설물보험료산출표 | Z46: ='변동-대)시설물보험료'!$A$1 -> [ 표 : 40 ]
F47: [ 표 : 41 ] | H47: =일반관리비!$A$2 -> 일반관리비산출표 | Z47: =보험료산정기준!$A$1 -> [ 표 : 11 ]
F48: [ 표 : 42 ] | H48: =일반관리비율!$A$2 -> 일반관리비율산출표 | Z48: =#REF! -> #REF!
F49: [ 표 : 43 ] | H49: ='일반-시행규칙'!$A$2 -> 일반관리비율표 | Z49: =일반관리비!$A$1 -> [ 표 : 41 ]
F50: [ 표 : 44 ] | H50: =이윤!$A$2 -> 이윤산출표 | Z50: =일반관리비율!$A$1 -> [ 표 : 42 ]
F51: [ 표 : 45 ] | H51: =이윤율!$A$2 -> 이윤비율표 | Z51: ='일반-시행규칙'!$A$1 -> [ 표 : 43 ]
F52: [ 표 : 46 ] | H52: =기업분석!$A$2 -> 기업경영분석자료

Sheet 차수별용역비
A1: ="[ 표 : "&F1&" ] " -> [ 표 : 1 ] | F1: 1
A2: 용역원가집계표
H3: 비율
E4: 단위 : 원 | G4: 일반관리비 | H4: 10
A5: 구 분 | B5: 용역기간 | C5: 위탁기간 (월) | D5: 차수별용역비 | E5: 비 고 | G5: 이윤 | H5: 10
A9: 1차년도 | B9: 2024. 1. 01. ∼ 2024. 12. 31. | C9: 12 | D9: ='36개월총괄'!H49 -> 4446495000
A10: 2차년도 | B10: 2025. 1. 01. ∼ 2025. 12. 31. | C10: 12 | D10: ='36개월총괄'!I49 -> 4471344000
A11: 3차년도 | B11: 2026. 1. 01. ∼ 2026. 12. 31. | C11: 12 | D11: ='36개월총괄'!J49 -> 4568441000
A13: 총 용역비 | C13: =SUM(C8:C12) -> 36 | D13: =SUM(D8:D12) -> 13486280000 | E13: 3년
A14: ="주 1) 위탁기간(월) : 제시된 용역기간 적용" -> 주 1) 위탁기간(월) : 제시된 용역기간 적용
A15: =" 2) 차수별용역비 : 월간용역비 ×위탁기간(월)" -> 2) 차수별용역비 : 월간용역비 ×위탁기간(월)
A16: 3) 상기금액은 처리장 수집운반비 및 부가가치세 포함 금액임

Sheet 용역원가집계
A1: ="[ 표 : "&F1&" ] " -> [ 표 : 1 ] | F1: 1
A2: 용역원가집계표
H3: 비율
E4: 단위 : 원 | G4: 일반관리비 | H4: 10 | I4: =일반관리비!E8 -> 9
A5: 구 분 | B5: 월간용역비 | C5: 위탁기간 (월) | D5: 연간용역비 | E5: 비 고 | G5: 이윤 | H5: 10
B7: 주 1) | C7: 주 2) | D7: 주 3)
A8: 1차 용역비 | B8: ='용역원가(24년)'!G51 -> 370541000 | C8: 12 | D8: ='용역원가(24년)'!H51 -> 4446495000
A9: 2차 용역비 | B9: ='용역원가(25년) '!G52 -> 372612000 | C9: 12 | D9: =차수별용역비!D10 -> 4471344000
A10: 3차 용역비 | B10: ='용역원가(26년)'!G51 -> 380703000 | C10: 12 | D10: =차수별용역비!D11 -> 4568441000
A12: 총 용역비 | D12: =SUM(D8:D10) -> 13486280000 | E12: 3년
A13: ="주 1) 월간용역비 : "&'용역원가(24년)'!A1&'용역원가(24년)'!A2&" 참조" -> 주 1) 월간용역비 : [ 표 : 2 ] 용역원가계산서(2024년) 참조
A14: =" 2) 위탁기간(월) : 제시된 용역기간 적용" -> 2) 위탁기간(월) : 제시된 용역기간 적용
A15: =" 3) 연간용역비 : 월간용역비 ×위탁기간(년)" -> 3) 연간용역비 : 월간용역비 ×위탁기간(년)
A16: 4) 상기금액은 처리장 수집운반비 및 부가가치세 포함 금액임

Sheet 용역원가(24년)
A1: ="[ 표 : "&K1&" ] " -> [ 표 : 2 ] | K1: =용역원가집계!F1+1 -> 2
A2: 용역원가계산서(2024년)
J4: 단위 : 원/월
E5: 구 분 | G5: 월간용역비 | H5: 연간용역비 | J5: 비 고
A6: 비 목
A7: 고 정 비 | B7: 인 건 비 | C7: 기 본 급 | G7: =인건비집계!H25 -> 56955159 | H7: =TRUNC(G7*12) -> 683461908 | I7: 692320572 | L7: =인건비집계!H25 -> 56955159 | M7: =G7-L7 -> 0
C8: 제수당 | E8: 년차수당 | G8: =제수당집계!H25 -> 4364200 | H8: =TRUNC(G8*12) -> 52370400 | I8: 53049240
E9: 연장근로수당 | G9: =제수당집계!K25 -> 0 | H9: =TRUNC(G9*12) -> 0 | I9: 0
E10: 휴일근로수당 | G10: =제수당집계!N25 -> 8906100 | H10: =TRUNC(G10*12) -> 106873200 | I10: 108339492
E11: 소계 | G11: =SUM(G8:G10) -> 13270300 | H11: =TRUNC(G11*12) -> 159243600 | I11: =SUM(I8:I10) -> 161388732 | L11: =인건비집계!K25 -> 13270300 | M11: =G11-L11 -> 0
C12: 상여금 | G12: =인건비집계!N25 -> 18985047 | H12: =TRUNC(G12*12) -> 227820564 | I12: 230773464 | J12: ="기본급의 "&단위당인건비!I5*100&"% 적용" -> 기본급의 400% 적용 | L12: =인건비집계!N25 -> 18985047 | M12: =G12-L12 -> 0
C13: 퇴직급여충당금 | G13: =인건비집계!Q25 -> 7434196 | H13: =TRUNC(G13*12) -> 89210352 | I13: 90373416 | J13: (기본급+제수당+상여금)÷12 | L13: =인건비집계!Q25 -> 7434196 | M13: =G13-L13 -> 0
C14: 계 | G14: =SUM(G7,G11,G12,G13) -> 96644702 | H14: =TRUNC(G14*12) -> 1159736424 | I14: =I7+I11+I12+I13 -> 1174856184 | J14: =인건비집계!$A$1&"참조" -> [ 표 : 5 ] 참조
B15: 고 정 경 비 | C15: 보 험 료 | E15: 산재보험료 | G15: =경비집계!F7 -> 802882 | H15: =TRUNC(G15*12) -> 9634584 | I15: 7828632 | J15: ="(기본급+제수당+상여금)×"&K15&"%" -> (기본급+제수당+상여금)×0.9% | K15: ='고정)인적보험료'!M8 -> 0.9 | L15: =경비집계!F7 -> 802882 | M15: =L15-G15 -> 0 | O15: 사후정산
E16: 국민연금 | G16: =경비집계!F8 -> 4014456 | H16: =TRUNC(G16*12) -> 48173472 | I16: 39143556 | J16: ="(기본급+제수당+상여금)×"&K16&"%" -> (기본급+제수당+상여금)×4.5% | K16: ='고정)인적보험료'!M9 -> 4.5 | L16: =경비집계!F8 -> 4014456 | M16: =L16-G16 -> 0 | O16: =H16*3 -> 144520416
E17: 고용보험료 | G17: =경비집계!F9 -> 1025903 | H17: =TRUNC(G17*12) -> 12310836 | I17: 10003260 | J17: ="(기본급+제수당+상여금)×"&K17&"%" -> (기본급+제수당+상여금)×1.15% | K17: ='고정)인적보험료'!M10 -> 1.15 | L17: =경비집계!F9 -> 1025903 | M17: =L17-G17 -> 0
E18: 국민건강보험료 | G18: =경비집계!F10 -> 3162501 | H18: =TRUNC(G18*12) -> 37950012 | I18: 30836436 | J18: ="(기본급+제수당+상여금)×"&K18&"%" -> (기본급+제수당+상여금)×3.545% | K18: ='고정)인적보험료'!M11 -> 3.545 | L18: =경비집계!F10 -> 3162501 | M18: =L18-G18 -> 0 | O18: =H18*3 -> 113850036
E19: 노인장기요양보험료 | G19: =경비집계!F11 -> 405109 | H19: =TRUNC(G19*12) -> 4861308 | I19: 3950064 | J19: ="건강보험료×"&K19&"%" -> 건강보험료×12.81% | K19: ='고정)인적보험료'!M12 -> 12.81 | L19: =경비집계!F11 -> 405109 | M19: =L19-G19 -> 0 | O19: =H19*3 -> 14583924
E20: 임금채권보장보험료 | G20: =경비집계!F12 -> 53511 | H20: =TRUNC(G20*12) -> 642132 | I20: 521808 | J20: ="(기본급+제수당+상여금)×"&K20&"%" -> (기본급+제수당+상여금)×0.06% | K20: ='고정)인적보험료'!M13 -> 0.06 | L20: =경비집계!F12 -> 53511 | M20: =L20-G20 -> 0
E21: 석면피해구제분담금 | G21: =경비집계!F13 -> 3554 | H21: =TRUNC(G21*12) -> 42648 | I21: 34692 | J21: ="(기본급+제수당+상여금)×"&K21&"%" -> (기본급+제수당+상여금)×0.004% | K21: ='고정)인적보험료'!M14 -> 0.004 | L21: =경비집계!F13 -> 3554 | M21: =L21-G21 -> 0
C22: 복리후생비 | G22: =경비집계!F15 -> 4869242 | H22: =TRUNC(G22*12) -> 58430904 | I22: 58430904 | L22: =경비집계!F15 -> 4869242 | M22: =L22-G22 -> 0
C23: 안전관리비 | G23: =경비집계!F16 -> 1797591.5 | H23: =TRUNC(G23*12) -> 21571097 | I23: 13355725 | L23: =경비집계!F16 -> 1797591.5 | M23: =L23-G23 -> 0
C24: 교육훈련비 | G24: =경비집계!F17 -> 167397 | H24: =TRUNC(G24*12) -> 2008764 | I24: 2008764 | L24: =경비집계!F17 -> 167397 | M24: =L24-G24 -> 0
C25: 소모품비 | G25: =경비집계!F18 -> 627434 | H25: =TRUNC(G25*12) -> 7529208 | I25: 7529208 | L25: =경비집계!F18 -> 627434 | M25: =L25-G25 -> 0
C26: 출장여비 | G26: =경비집계!F19 -> 95661 | H26: =TRUNC(G26*12) -> 1147932 | I26: 1147932 | L26: =경비집계!F19 -> 95661 | M26: =L26-G26 -> 0
C27: 통신 및 우편비 | G27: =경비집계!F20 -> 173066 | H27: =TRUNC(G27*12) -> 2076792 | I27: 2076792 | L27: =경비집계!F20 -> 173066 | M27: =L27-G27 -> 0
C28: 계 | G28: =SUM(G15:G27) -> 17198307 | H28: =SUM(H15:H27) -> 206379689 | I28: =SUM(I15:I27) -> 176867773 | J28: =경비집계!$A$1&"참조" -> [ 표 : 16 ] 참조 | L28: =경비집계!F22 -> 17198307 | M28: =L28-G28 -> 0
B29: 순용역원가 | G29: =SUM(G14,G28) -> 1.1384301e+08 | H29: =TRUNC(G29*12) -> 1366116113 | I29: =I14+I28 -> 1351723957 | J29: 인건비+경비
B30: ="일반관리비("&K30&"%)" -> 일반관리비(9%) | G30: =TRUNC(G29*$K$30%,0) -> 10245870 | H30: =TRUNC(G30*12) -> 122950440 | I30: =I29*0.09 -> 1.2165516e+08 | J30: ="순용역원가×"&K30&"%" -> 순용역원가×9% | K30: 9 | L30: =일반관리비!F10 -> 10245870 | M30: =L30-G30 -> 0
B31: ="이윤("&K31&"%)" -> 이윤(10%) | G31: =TRUNC((SUM(G14,G28,G30))*$K$31%,0) -> 12408887 | H31: =TRUNC(G31*12) -> 148906644 | I31: =(I14+I28+I30)*0.1 -> 1.4733791e+08 | J31: ="(순용역원가+일반관리비)×"&K31&"%" -> (순용역원가+일반관리비)×10% | K31: =용역원가집계!H5 -> 10 | L31: =이윤!G10 -> 12408887 | M31: =L31-G31 -> 0
B32: 용역원가 | G32: =SUM(G29:G31) -> 1.3649777e+08 | H32: =TRUNC(G32*12) -> 1637973197 | I32: =SUM(I29:I31) -> 1.620717e+09 | J32: 순용역원가+일.관+이윤
B33: 부가가치세(10%) | G33: =TRUNC((G32)*10%,0) -> 13649776 | H33: =TRUNC(G33*12) -> 163797312 | I33: =I32*0.1 -> 1.620717e+08 | J33: 용역원가×10%
B34: 고정비 운영원가 | G34: =SUM(G32:G33) -> 1.5014754e+08 | H34: =TRUNC(G34*12) -> 1801770509 | I34: 1782788713 | J34: 용역원가+부가가치세 | O34: =H34*3 -> 5405311527
A35: 변 동 비 | B35: 변동비부문 | C35: 소모자재비 | G35: =경비집계!F23 -> 2250000 | H35: ='변동)소모자재비'!H13 -> 27000000 | I35: 27000000 | L35: =경비집계!F23 -> 2250000 | M35: =L35-G35 -> 0
C36: 수선유지비 | G36: =경비집계!F24 -> 52986666 | H36: ='변동)수선유지비'!H30 -> 635840000 | I36: 635840000 | L36: =경비집계!F24 -> 52986666 | M36: =L36-G36 -> 0
C37: 측정검사수수료 | G37: =경비집계!F25 -> 150263 | H37: ='변동)측정검사수수료'!H12 -> 1803166 | I37: 1803166 | L37: =경비집계!F25 -> 150263 | M37: =L37-G37 -> 0
C38: 안전점검대행비 | G38: =경비집계!F26 -> 2440000 | H38: ='변동)안전점검대행비'!H14 -> 29280000 | I38: 29280000 | L38: =경비집계!F26 -> 2440000 | M38: =L38-G38 -> 0
C39: 차량유지비 | G39: =경비집계!F27 -> 4939000 | H39: ='변동)차량유지비'!H15 -> 59268000 | I39: 59268000 | L39: =경비집계!F27 -> 4939000 | M39: =L39-G39 -> 0
C40: 보안관리비 | G40: =경비집계!F28 -> 520000 | H40: ='변동)보안관리비'!H11 -> 6240000 | I40: 6240000 | L40: =경비집계!F28 -> 520000 | M40: =L40-G40 -> 0
C41: 수집운반비 | G41: =경비집계!F29 -> 5808711 | H41: ='변동)수집운반비'!E12 -> 69704532 | I41: 69704532 | J41: 부가세법 제26조, 동법 시행령 제35조 참조 | L41: =경비집계!F29 -> 5808711 | M41: =L41-G41 -> 0
C42: 계 | G42: =SUM(G35:G41) -> 69094640 | H42: =TRUNC(G42*12) -> 829135680 | I42: =SUM(I35:I41) -> 8.291357e+08 | J42: =경비집계!$A$1&"참조" -> [ 표 : 16 ] 참조 | L42: =경비집계!F30 -> 69094640 | M42: =L42-G42 -> 0
C43: 용역원가 | G43: =SUM(G42) -> 69094640 | H43: =TRUNC(G43*12) -> 829135680 | I43: 829135680 | J43: 변동경비
C44: 부가가치세(10%) | G44: =TRUNC(G43*10%,0) -> 6909464 | H44: =TRUNC(H43*10%,0) -> 82913568 | I44: 75943104 | J44: 용역원가×10%
C45: 합계 | G45: =SUM(G43:G44) -> 76004104 | H45: =TRUNC(G45*12) -> 912049248 | I45: =SUM(I43:I44) -> 905078784 | J45: 용역원가+부가가치세
B46: 대납분 | C46: 전력비 | G46: =경비집계!F31 -> 134915602 | H46: ='변동-대)전력비'!H14 -> 1618987235 | I46: 1545672408 | L46: =경비집계!F31 -> 134915602 | M46: =L46-G46 -> 0
C47: 수도광열비 | G47: =경비집계!F32 -> 3641717 | H47: ='변동-대)수도광열비'!H17 -> 43700610 | I47: 43700610 | L47: =경비집계!F32 -> 3641717 | M47: =L47-G47 -> 0
C48: 시설물보험료 | G48: =경비집계!F33 -> 5832292 | H48: ='변동-대)시설물보험료'!H17 -> 69987500 | I48: 69987500 | K48: 단수조정 | L48: =경비집계!F33 -> 5832292 | M48: =L48-G48 -> 0
C49: 합계 | G49: =SUM(G46:G48) -> 144389611 | H49: =TRUNC(G49*12) -> 1732675332 | I49: =SUM(I46:I48) -> 1659360518 | J49: =경비집계!$A$1&"참조" -> [ 표 : 16 ] 참조 | L49: =SUM(L46:L48) -> 144389611 | M49: =L49-G49 -> 0
B50: 변동비 운영원가 | G50: =SUM(G45,G49) -> 2.2039372e+08 | H50: =TRUNC(G50*12) -> 2644724580 | I50: =I45+I49 -> 2564439302 | J50: 변동비부문+대납분 | O50: =H50*3 -> 7934173740
A51: 총계 | G51: =TRUNC(SUM(G50,G34),-3) -> 370541000 | H51: =TRUNC(H34+H50,-3) -> 4446495000 | I51: 4347228000 | J51: 고정비운영원가+변동비운영원가 | O51: =H51*3 -> 13339485000

Sheet 용역원가(25년) 
A1: ="[ 표 : "&J1&" ] " -> [ 표 : 3 ] | J1: ='용역원가(24년)'!K1+1 -> 3
A2: 용역원가계산서(2025년)
I4: 단위 : 원/월
E5: 구 분 | G5: 월간용역비 | H5: 연간용역비 | I5: 비 고
A6: 비 목
A7: 고 정 비 | B7: 인 건 비 | C7: 기 본 급 | G7: =인건비집계!H25 -> 56955159 | H7: =TRUNC(G7*12) -> 683461908 | K7: =인건비집계!H25 -> 56955159 | L7: =G7-K7 -> 0
C8: 제수당 | E8: 년차수당 | G8: =제수당집계!H25 -> 4364200 | H8: =TRUNC(G8*12) -> 52370400
E9: 연장근로수당 | G9: =제수당집계!K25 -> 0 | H9: =TRUNC(G9*12) -> 0
E10: 휴일근로수당 | G10: =제수당집계!N25 -> 8906100 | H10: =TRUNC(G10*12) -> 106873200
E11: 소계 | G11: =SUM(G8:G10) -> 13270300 | H11: =TRUNC(G11*12) -> 159243600 | K11: =인건비집계!K25 -> 13270300 | L11: =G11-K11 -> 0
C12: 상여금 | G12: =인건비집계!N25 -> 18985047 | H12: =TRUNC(G12*12) -> 227820564 | I12: ="기본급의 "&단위당인건비!I5*100&"% 적용" -> 기본급의 400% 적용 | K12: =인건비집계!N25 -> 18985047 | L12: =G12-K12 -> 0
C13: 퇴직급여충당금 | G13: =인건비집계!Q25 -> 7434196 | H13: =TRUNC(G13*12) -> 89210352 | I13: (기본급+제수당+상여금)÷12 | K13: =인건비집계!Q25 -> 7434196 | L13: =G13-K13 -> 0
C14: 계 | G14: =SUM(G7,G11,G12,G13) -> 96644702 | H14: =TRUNC(G14*12) -> 1159736424 | I14: =인건비집계!$A$1&"참조" -> [ 표 : 5 ] 참조
B15: 고 정 경 비 | C15: 보 험 료 | E15: 산재보험료 | G15: =경비집계!F7 -> 802882 | H15: =TRUNC(G15*12) -> 9634584 | I15: ="(기본급+제수당+상여금)×"&J15&"%" -> (기본급+제수당+상여금)×0.9% | J15: ='고정)인적보험료'!M8 -> 0.9 | K15: =경비집계!F7 -> 802882 | L15: =K15-G15 -> 0 | N15: 사후정산
E16: 국민연금 | G16: =경비집계!F8 -> 4014456 | H16: =TRUNC(G16*12) -> 48173472 | I16: ="(기본급+제수당+상여금)×"&J16&"%" -> (기본급+제수당+상여금)×4.5% | J16: ='고정)인적보험료'!M9 -> 4.5 | K16: =경비집계!F8 -> 4014456 | L16: =K16-G16 -> 0 | N16: =H16*3 -> 144520416
E17: 고용보험료 | G17: =경비집계!F9 -> 1025903 | H17: =TRUNC(G17*12) -> 12310836 | I17: ="(기본급+제수당+상여금)×"&J17&"%" -> (기본급+제수당+상여금)×1.15% | J17: ='고정)인적보험료'!M10 -> 1.15 | K17: =경비집계!F9 -> 1025903 | L17: =K17-G17 -> 0
E18: 국민건강보험료 | G18: =경비집계!F10 -> 3162501 | H18: =TRUNC(G18*12) -> 37950012 | I18: ="(기본급+제수당+상여금)×"&J18&"%" -> (기본급+제수당+상여금)×3.545% | J18: ='고정)인적보험료'!M11 -> 3.545 | K18: =경비집계!F10 -> 3162501 | L18: =K18-G18 -> 0 | N18: =H18*3 -> 113850036
E19: 노인장기요양보험료 | G19: =경비집계!F11 -> 405109 | H19: =TRUNC(G19*12) -> 4861308 | I19: ="건강보험료×"&J19&"%" -> 건강보험료×12.81% | J19: ='고정)인적보험료'!M12 -> 12.81 | K19: =경비집계!F11 -> 405109 | L19: =K19-G19 -> 0 | N19: =H19*3 -> 14583924
E20: 임금채권보장보험료 | G20: =경비집계!F12 -> 53511 | H20: =TRUNC(G20*12) -> 642132 | I20: ="(기본급+제수당+상여금)×"&J20&"%" -> (기본급+제수당+상여금)×0.06% | J20: ='고정)인적보험료'!M13 -> 0.06 | K20: =경비집계!F12 -> 53511 | L20: =K20-G20 -> 0
E21: 석면피해구제분담금 | G21: =경비집계!F13 -> 3554 | H21: =TRUNC(G21*12) -> 42648 | I21: ="(기본급+제수당+상여금)×"&J21&"%" -> (기본급+제수당+상여금)×0.004% | J21: ='고정)인적보험료'!M14 -> 0.004 | K21: =경비집계!F13 -> 3554 | L21: =K21-G21 -> 0
C22: 복리후생비 | G22: =경비집계!F15 -> 4869242 | H22: =TRUNC(G22*12) -> 58430904 | K22: =경비집계!F15 -> 4869242 | L22: =K22-G22 -> 0
C23: 안전관리비 | G23: =경비집계!F16 -> 1797591.5 | H23: =TRUNC(G23*12) -> 21571097 | K23: =경비집계!F16 -> 1797591.5 | L23: =K23-G23 -> 0
C24: 교육훈련비 | G24: =경비집계!F17 -> 167397 | H24: =TRUNC(G24*12) -> 2008764 | K24: =경비집계!F17 -> 167397 | L24: =K24-G24 -> 0
C25: 소모품비 | G25: =경비집계!F18 -> 627434 | H25: =TRUNC(G25*12) -> 7529208 | K25: =경비집계!F18 -> 627434 | L25: =K25-G25 -> 0
C26: 출장여비 | G26: =경비집계!F19 -> 95661 | H26: =TRUNC(G26*12) -> 1147932 | K26: =경비집계!F19 -> 95661 | L26: =K26-G26 -> 0
C27: 통신 및 우편비 | G27: =경비집계!F20 -> 173066 | H27: =TRUNC(G27*12) -> 2076792 | K27: =경비집계!F20 -> 173066 | L27: =K27-G27 -> 0
C29: 계 | G29: =SUM(G15:G28) -> 17198307 | H29: =SUM(H15:H28) -> 206379689 | I29: =경비집계!$A$1&"참조" -> [ 표 : 16 ] 참조 | K29: =경비집계!F22 -> 17198307 | L29: =K29-G29 -> 0
B30: 순용역원가 | G30: =SUM(G14,G29) -> 1.1384301e+08 | H30: =TRUNC(G30*12) -> 1366116113 | I30: 인건비+경비
B31: ="일반관리비("&J31&"%)" -> 일반관리비(9%) | G31: =TRUNC(G30*$J$31%,0) -> 10245870 | H31: =TRUNC(G31*12) -> 122950440 | I31: ="순용역원가×"&J31&"%" -> 순용역원가×9% | J31: 9 | K31: =일반관리비!F10 -> 10245870 | L31: =K31-G31 -> 0
B32: ="이윤("&J32&"%)" -> 이윤(10%) | G32: =TRUNC((SUM(G14,G29,G31))*$J$32%,0) -> 12408887 | H32: =TRUNC(G32*12) -> 148906644 | I32: ="(순용역원가+일반관리비)×"&J32&"%" -> (순용역원가+일반관리비)×10% | J32: =용역원가집계!H5 -> 10 | K32: =이윤!G10 -> 12408887 | L32: =K32-G32 -> 0
B33: 용역원가 | G33: =SUM(G30:G32) -> 1.3649777e+08 | H33: =TRUNC(G33*12) -> 1637973197 | I33: 순용역원가+일.관+이윤
B34: 부가가치세(10%) | G34: =TRUNC((G33)*10%,0) -> 13649776 | H34: =TRUNC(G34*12) -> 163797312 | I34: 용역원가×10%
B35: 고정비 운영원가 | G35: =SUM(G33:G34) -> 1.5014754e+08 | H35: =TRUNC(G35*12) -> 1801770509 | I35: 용역원가+부가가치세 | N35: =H35*3 -> 5405311527
A36: 변 동 비 | B36: 변동비부문 | C36: 소모자재비 | G36: =경비집계!F23 -> 2250000 | H36: ='변동)소모자재비'!H13 -> 27000000 | K36: =경비집계!F23 -> 2250000 | L36: =K36-G36 -> 0
C37: 수선유지비 | G37: ='변동)수선유지비'!T31 -> 48736666 | H37: ='변동)수선유지비'!T30 -> 584840000 | K37: =경비집계!F24 -> 52986666 | L37: =K37-G37 -> 4250000
C38: 측정검사수수료 | G38: =경비집계!F25 -> 150263 | H38: ='변동)측정검사수수료'!H12 -> 1803166 | K38: =경비집계!F25 -> 150263 | L38: =K38-G38 -> 0
C39: 안전점검대행비 | G39: =경비집계!F26 -> 2440000 | H39: ='변동)안전점검대행비'!H14 -> 29280000 | K39: =경비집계!F26 -> 2440000 | L39: =K39-G39 -> 0
C40: 차량유지비 | G40: =경비집계!F27 -> 4939000 | H40: ='변동)차량유지비'!H15 -> 59268000 | K40: =경비집계!F27 -> 4939000 | L40: =K40-G40 -> 0
C41: 보안관리비 | G41: =경비집계!F28 -> 520000 | H41: ='변동)보안관리비'!H11 -> 6240000 | K41: =경비집계!F28 -> 520000 | L41: =K41-G41 -> 0
C42: 수집운반비 | G42: =경비집계!F29 -> 5808711 | H42: ='변동)수집운반비'!E12 -> 69704532 | I42: 부가세법 제26조, 동법 시행령 제35조 참조 | K42: =경비집계!F29 -> 5808711 | L42: =K42-G42 -> 0
C43: 계 | G43: =SUM(G36:G42) -> 64844640 | H43: =TRUNC(G43*12) -> 778135680 | I43: =경비집계!$A$1&"참조" -> [ 표 : 16 ] 참조 | K43: =경비집계!F30 -> 69094640 | L43: =K43-G43 -> 4250000
C44: 용역원가 | G44: =SUM(G43) -> 64844640 | H44: =TRUNC(G44*12) -> 778135680 | I44: 변동경비
C45: 부가가치세(10%) | G45: =TRUNC(G44*10%,0) -> 6484464 | H45: =TRUNC(H44*10%,0) -> 77813568 | I45: 용역원가×10%
C46: 합계 | G46: =SUM(G44:G45) -> 71329104 | H46: =TRUNC(G46*12) -> 855949248 | I46: 용역원가+부가가치세
B47: 대납분 | C47: 전력비 | G47: ='용역원가(24년)'!G46*(1+0.05) -> 1.4166138e+08 | H47: ='36개월총괄'!I44 -> 1.6999366e+09 | K47: =경비집계!F31 -> 134915602 | L47: =K47-G47 -> -6745780.1
C48: 수도광열비 | G48: =경비집계!F32 -> 3641717 | H48: ='변동-대)수도광열비'!H17 -> 43700610 | K48: =경비집계!F32 -> 3641717 | L48: =K48-G48 -> 0
C49: 시설물보험료 | G49: =경비집계!F33 -> 5832292 | H49: ='변동-대)시설물보험료'!H17 -> 69987500 | J49: 단수조정 | K49: =경비집계!F33 -> 5832292 | L49: =K49-G49 -> 0
C50: 합계 | G50: =SUM(G47:G49) -> 1.5113539e+08 | H50: =TRUNC(G50*12) -> 1813624693 | I50: =경비집계!$A$1&"참조" -> [ 표 : 16 ] 참조 | K50: =SUM(K47:K49) -> 144389611 | L50: =K50-G50 -> -6745780.1
B51: 변동비 운영원가 | G51: =SUM(G46,G50) -> 2.224645e+08 | H51: =TRUNC(G51*12) -> 2669573941 | I51: 변동비부문+대납분 | N51: =H51*3 -> 8008721823
A52: 총계 | G52: =TRUNC(SUM(G51,G35),-3) -> 372612000 | H52: =TRUNC(H35+H51,-3) -> 4471344000 | I52: 고정비운영원가+변동비운영원가 | N52: =H52*3 -> 13414032000

Sheet 용역원가(26년)
A1: ="[ 표 : "&J1&" ] " -> [ 표 : 4 ] | J1: ='용역원가(25년) '!J1+1 -> 4
A2: 용역원가계산서(2026년)
I4: 단위 : 원/월
E5: 구 분 | G5: 월간용역비 | H5: 연간용역비 | I5: 비 고
A6: 비 목
A7: 고 정 비 | B7: 인 건 비 | C7: 기 본 급 | G7: =인건비집계!H25 -> 56955159 | H7: =TRUNC(G7*12) -> 683461908 | K7: =인건비집계!H25 -> 56955159 | L7: =G7-K7 -> 0
C8: 제수당 | E8: 년차수당 | G8: =제수당집계!H25 -> 4364200 | H8: =TRUNC(G8*12) -> 52370400
E9: 연장근로수당 | G9: =제수당집계!K25 -> 0 | H9: =TRUNC(G9*12) -> 0
E10: 휴일근로수당 | G10: =제수당집계!N25 -> 8906100 | H10: =TRUNC(G10*12) -> 106873200
E11: 소계 | G11: =SUM(G8:G10) -> 13270300 | H11: =TRUNC(G11*12) -> 159243600 | K11: =인건비집계!K25 -> 13270300 | L11: =G11-K11 -> 0
C12: 상여금 | G12: =인건비집계!N25 -> 18985047 | H12: =TRUNC(G12*12) -> 227820564 | I12: ="기본급의 "&단위당인건비!I5*100&"% 적용" -> 기본급의 400% 적용 | K12: =인건비집계!N25 -> 18985047 | L12: =G12-K12 -> 0
C13: 퇴직급여충당금 | G13: =인건비집계!Q25 -> 7434196 | H13: =TRUNC(G13*12) -> 89210352 | I13: (기본급+제수당+상여금)÷12 | K13: =인건비집계!Q25 -> 7434196 | L13: =G13-K13 -> 0
C14: 계 | G14: =SUM(G7,G11,G12,G13) -> 96644702 | H14: =TRUNC(G14*12) -> 1159736424 | I14: =인건비집계!$A$1&"참조" -> [ 표 : 5 ] 참조
B15: 고 정 경 비 | C15: 보 험 료 | E15: 산재보험료 | G15: =경비집계!F7 -> 802882 | H15: =TRUNC(G15*12) -> 9634584 | I15: ="(기본급+제수당+상여금)×"&J15&"%" -> (기본급+제수당+상여금)×0.9% | J15: ='고정)인적보험료'!M8 -> 0.9 | K15: =경비집계!F7 -> 802882 | L15: =K15-G15 -> 0 | N15: 사후정산
E16: 국민연금 | G16: =경비집계!F8 -> 4014456 | H16: =TRUNC(G16*12) -> 48173472 | I16: ="(기본급+제수당+상여금)×"&J16&"%" -> (기본급+제수당+상여금)×4.5% | J16: ='고정)인적보험료'!M9 -> 4.5 | K16: =경비집계!F8 -> 4014456 | L16: =K16-G16 -> 0 | N16: =H16*3 -> 144520416
E17: 고용보험료 | G17: =경비집계!F9 -> 1025903 | H17: =TRUNC(G17*12) -> 12310836 | I17: ="(기본급+제수당+상여금)×"&J17&"%" -> (기본급+제수당+상여금)×1.15% | J17: ='고정)인적보험료'!M10 -> 1.15 | K17: =경비집계!F9 -> 1025903 | L17: =K17-G17 -> 0
E18: 국민건강보험료 | G18: =경비집계!F10 -> 3162501 | H18: =TRUNC(G18*12) -> 37950012 | I18: ="(기본급+제수당+상여금)×"&J18&"%" -> (기본급+제수당+상여금)×3.545% | J18: ='고정)인적보험료'!M11 -> 3.545 | K18: =경비집계!F10 -> 3162501 | L18: =K18-G18 -> 0 | N18: =H18*3 -> 113850036
E19: 노인장기요양보험료 | G19: =경비집계!F11 -> 405109 | H19: =TRUNC(G19*12) -> 4861308 | I19: ="건강보험료×"&J19&"%" -> 건강보험료×12.81% | J19: ='고정)인적보험료'!M12 -> 12.81 | K19: =경비집계!F11 -> 405109 | L19: =K19-G19 -> 0 | N19: =H19*3 -> 14583924
E20: 임금채권보장보험료 | G20: =경비집계!F12 -> 53511 | H20: =TRUNC(G20*12) -> 642132 | I20: ="(기본급+제수당+상여금)×"&J20&"%" -> (기본급+제수당+상여금)×0.06% | J20: ='고정)인적보험료'!M13 -> 0.06 | K20: =경비집계!F12 -> 53511 | L20: =K20-G20 -> 0
E21: 석면피해구제분담금 | G21: =경비집계!F13 -> 3554 | H21: =TRUNC(G21*12) -> 42648 | I21: ="(기본급+제수당+상여금)×"&J21&"%" -> (기본급+제수당+상여금)×0.004% | J21: ='고정)인적보험료'!M14 -> 0.004 | K21: =경비집계!F13 -> 3554 | L21: =K21-G21 -> 0
C22: 복리후생비 | G22: =경비집계!F15 -> 4869242 | H22: =TRUNC(G22*12) -> 58430904 | K22: =경비집계!F15 -> 4869242 | L22: =K22-G22 -> 0
C23: 안전관리비 | G23: =경비집계!F16 -> 1797591.5 | H23: =TRUNC(G23*12) -> 21571097 | K23: =경비집계!F16 -> 1797591.5 | L23: =K23-G23 -> 0
C24: 교육훈련비 | G24: =경비집계!F17 -> 167397 | H24: =TRUNC(G24*12) -> 2008764 | K24: =경비집계!F17 -> 167397 | L24: =K24-G24 -> 0
C25: 소모품비 | G25: =경비집계!F18 -> 627434 | H25: =TRUNC(G25*12) -> 7529208 | K25: =경비집계!F18 -> 627434 | L25: =K25-G25 -> 0
C26: 출장여비 | G26: =경비집계!F19 -> 95661 | H26: =TRUNC(G26*12) -> 1147932 | K26: =경비집계!F19 -> 95661 | L26: =K26-G26 -> 0
C27: 통신 및 우편비 | G27: =경비집계!F20 -> 173066 | H27: =TRUNC(G27*12) -> 2076792 | K27: =경비집계!F20 -> 173066 | L27: =K27-G27 -> 0
C28: 계 | G28: =SUM(G15:G27) -> 17198307 | H28: =SUM(H15:H27) -> 206379689 | I28: =경비집계!$A$1&"참조" -> [ 표 : 16 ] 참조 | K28: =경비집계!F22 -> 17198307 | L28: =K28-G28 -> 0
B29: 순용역원가 | G29: =SUM(G14,G28) -> 1.1384301e+08 | H29: =TRUNC(G29*12) -> 1366116113 | I29: 인건비+경비
B30: ="일반관리비("&J30&"%)" -> 일반관리비(9%) | G30: =TRUNC(G29*$J$30%,0) -> 10245870 | H30: =TRUNC(G30*12) -> 122950440 | I30: ="순용역원가×"&J30&"%" -> 순용역원가×9% | J30: 9 | K30: =일반관리비!F10 -> 10245870 | L30: =K30-G30 -> 0
B31: ="이윤("&J31&"%)" -> 이윤(10%) | G31: =TRUNC((SUM(G14,G28,G30))*$J$31%,0) -> 12408887 | H31: =TRUNC(G31*12) -> 148906644 | I31: ="(순용역원가+일반관리비)×"&J31&"%" -> (순용역원가+일반관리비)×10% | J31: =용역원가집계!H5 -> 10 | K31: =이윤!G10 -> 12408887 | L31: =K31-G31 -> 0
B32: 용역원가 | G32: =SUM(G29:G31) -> 1.3649777e+08 | H32: =TRUNC(G32*12) -> 1637973197 | I32: 순용역원가+일.관+이윤
B33: 부가가치세(10%) | G33: =TRUNC((G32)*10%,0) -> 13649776 | H33: =TRUNC(G33*12) -> 163797312 | I33: 용역원가×10%
B34: 고정비 운영원가 | G34: =SUM(G32:G33) -> 1.5014754e+08 | H34: =TRUNC(G34*12) -> 1801770509 | I34: 용역원가+부가가치세 | N34: =H34*3 -> 5405311527
A35: 변 동 비 | B35: 변동비부문 | C35: 소모자재비 | G35: =경비집계!F23 -> 2250000 | H35: ='변동)소모자재비'!H13 -> 27000000 | K35: =경비집계!F23 -> 2250000 | L35: =K35-G35 -> 0
C36: 수선유지비 | G36: ='변동)수선유지비'!AE31 -> 49653333 | H36: ='변동)수선유지비'!AE30 -> 595840000 | K36: =경비집계!F24 -> 52986666 | L36: =K36-G36 -> 3333333
C37: 측정검사수수료 | G37: =경비집계!F25 -> 150263 | H37: ='변동)측정검사수수료'!H12 -> 1803166 | K37: =경비집계!F25 -> 150263 | L37: =K37-G37 -> 0
C38: 안전점검대행비 | G38: =경비집계!F26 -> 2440000 | H38: ='변동)안전점검대행비'!H14 -> 29280000 | K38: =경비집계!F26 -> 2440000 | L38: =K38-G38 -> 0
C39: 차량유지비 | G39: =경비집계!F27 -> 4939000 | H39: ='변동)차량유지비'!H15 -> 59268000 | K39: =경비집계!F27 -> 4939000 | L39: =K39-G39 -> 0
C40: 보안관리비 | G40: =경비집계!F28 -> 520000 | H40: ='변동)보안관리비'!H11 -> 6240000 | K40: =경비집계!F28 -> 520000 | L40: =K40-G40 -> 0
C41: 수집운반비 | G41: =경비집계!F29 -> 5808711 | H41: ='변동)수집운반비'!E12 -> 69704532 | I41: 부가세법 제26조, 동법 시행령 제35조 참조 | K41: =경비집계!F29 -> 5808711 | L41: =K41-G41 -> 0
C42: 계 | G42: =SUM(G35:G41) -> 65761307 | H42: =TRUNC(G42*12) -> 789135684 | I42: =경비집계!$A$1&"참조" -> [ 표 : 16 ] 참조 | K42: =경비집계!F30 -> 69094640 | L42: =K42-G42 -> 3333333
C43: 용역원가 | G43: =SUM(G42) -> 65761307 | H43: =TRUNC(G43*12) -> 789135684 | I43: 변동경비
C44: 부가가치세(10%) | G44: =TRUNC(G43*10%,0) -> 6576130 | H44: =TRUNC(H43*10%,0) -> 78913568 | I44: 용역원가×10%
C45: 합계 | G45: =SUM(G43:G44) -> 72337437 | H45: =TRUNC(G45*12) -> 868049244 | I45: 용역원가+부가가치세
B46: 대납분 | C46: 전력비 | G46: ='용역원가(25년) '!G47*(1+0.05) -> 1.4874445e+08 | H46: ='36개월총괄'!J44 -> 1.7849334e+09 | K46: =경비집계!F31 -> 134915602 | L46: =K46-G46 -> -13828849
C47: 수도광열비 | G47: =경비집계!F32 -> 3641717 | H47: ='변동-대)수도광열비'!H17 -> 43700610 | K47: =경비집계!F32 -> 3641717 | L47: =K47-G47 -> 0
C48: 시설물보험료 | G48: =경비집계!F33 -> 5832292 | H48: ='변동-대)시설물보험료'!H17 -> 69987500 | J48: 단수조정 | K48: =경비집계!F33 -> 5832292 | L48: =K48-G48 -> 0
C49: 합계 | G49: =SUM(G46:G48) -> 1.5821846e+08 | H49: =TRUNC(G49*12) -> 1898621522 | I49: =경비집계!$A$1&"참조" -> [ 표 : 16 ] 참조 | K49: =SUM(K46:K48) -> 144389611 | L49: =K49-G49 -> -13828849
B50: 변동비 운영원가 | G50: =SUM(G45,G49) -> 2.305559e+08 | H50: =TRUNC(G50*12) -> 2766670766 | I50: 변동비부문+대납분 | N50: =H50*3 -> 8300012298
A51: 총계 | G51: =TRUNC(SUM(G50,G34),-3) -> 380703000 | H51: =TRUNC(H34+H50,-3) -> 4568441000 | I51: 고정비운영원가+변동비운영원가 | N51: =H51*3 -> 13705323000

Sheet 인건비집계
A1: ="[ 표 : "&U1&" ] " -> [ 표 : 5 ] | U1: ='용역원가(26년)'!J1+1 -> 5
A2: 인건비집계표
T4: 단위 : 원/월
A5: 구 분 | B5: 직 책 명 | D5: 직 종 명 | F5: 기본급 | I5: 제수당 | L5: 상여금 | O5: 퇴직급여충당금 | R5: 합 계 | U5: 비 고
F6: 단위(1인)당 인건비 | G6: 작업 인원 | H6: 금 액 | I6: 단위(1인)당 인건비 | J6: 작업 인원 | K6: 금 액 | L6: 단위(1인)당 인건비 | M6: 작업 인원 | N6: 금 액 | O6: 단위(1인)당 인건비 | P6: 작업 인원 | Q6: 금 액 | R6: 단위(1인)당 인건비 | S6: 작업 인원 | T6: 금 액
F7: 주 1) | G7: 주 2) | I7: 주 1) | J7: 주 2) | L7: 주 1) | M7: 주 2) | O7: 주 1) | P7: 주 2)
A8: =IF(월기본급!A8="","",월기본급!A8) -> 관리팀 | B8: =IF(월기본급!B8="","",월기본급!B8) -> 관리소장 | D8: =IF(월기본급!D8="","",월기본급!D8) -> 고급기술자 | F8: =단위당인건비!E8 -> 3145125 | G8: =투입인원!F8 -> 1 | H8: =TRUNC(G8*F8) -> 3145125 | I8: =단위당인건비!E12 -> 241000 | J8: =G8 -> 1 | K8: =TRUNC(J8*I8) -> 241000 | L8: =단위당인건비!E13 -> 1048375 | M8: =J8 -> 1 | N8: =TRUNC(M8*L8) -> 1048375 | O8: =단위당인건비!E14 -> 369541 | P8: =M8 -> 1 | Q8: =TRUNC(P8*O8) -> 369541 | R8: =SUM(F8,I8,L8,O8) -> 4804041 | S8: =P8 -> 1 | T8: =TRUNC(S8*R8) -> 4804041 | X8: =A8 -> 관리팀 | Y8: =B8 -> 관리소장 | Z8: 원/월 | AA8: =S8 -> 1 | AB8: =R8 -> 4804041 | AC8: =T8 -> 4804041
A9: =IF(월기본급!A9="","",월기본급!A9) -> 관리팀 | B9: =IF(월기본급!B9="","",월기본급!B9) -> 관리팀장 | D9: =IF(월기본급!D9="","",월기본급!D9) -> 고급기술자 | F9: =단위당인건비!E30 -> 3145125 | G9: =투입인원!F9 -> 1 | H9: =TRUNC(G9*F9) -> 3145125 | I9: =단위당인건비!E34 -> 761560 | J9: =G9 -> 1 | K9: =TRUNC(J9*I9) -> 761560 | L9: =단위당인건비!E35 -> 1048375 | M9: =J9 -> 1 | N9: =TRUNC(M9*L9) -> 1048375 | O9: =단위당인건비!E36 -> 412921 | P9: =M9 -> 1 | Q9: =TRUNC(P9*O9) -> 412921 | R9: =SUM(F9,I9,L9,O9) -> 5367981 | S9: =P9 -> 1 | T9: =TRUNC(S9*R9) -> 5367981 | X9: =A9 -> 관리팀 | Y9: =B9 -> 관리팀장 | Z9: 원/월 | AA9: =S9 -> 1 | AB9: =R9 -> 5367981 | AC9: =T9 -> 5367981
A10: =IF(월기본급!A10="","",월기본급!A10) -> 관리팀 | B10: =IF(월기본급!B10="","",월기본급!B10) -> 관리팀원 | D10: =IF(월기본급!D10="","",월기본급!D10) -> 초급숙련기술자 | F10: =단위당인건비!E228 -> 1966517 | G10: =투입인원!F10 -> 1 | H10: =TRUNC(G10*F10) -> 1966517 | I10: =단위당인건비!E232 -> 476148 | J10: =G10 -> 1 | K10: =TRUNC(J10*I10) -> 476148 | L10: =단위당인건비!E233 -> 655505 | M10: =J10 -> 1 | N10: =TRUNC(M10*L10) -> 655505 | O10: =단위당인건비!E234 -> 258180 | P10: =M10 -> 1 | Q10: =TRUNC(P10*O10) -> 258180 | R10: =SUM(F10,I10,L10,O10) -> 3356350 | S10: =P10 -> 1 | T10: =TRUNC(S10*R10) -> 3356350
A11: =IF(월기본급!A11="","",월기본급!A11) -> 운영팀 | B11: =IF(월기본급!B11="","",월기본급!B11) -> 전기팀장 | D11: =IF(월기본급!D11="","",월기본급!D11) -> 중급기술자 | F11: =단위당인건비!E52 -> 2641455 | G11: =투입인원!F11 -> 2 | H11: =TRUNC(G11*F11) -> 5282910 | I11: =단위당인건비!E56 -> 639584 | J11: =G11 -> 2 | K11: =TRUNC(J11*I11) -> 1279168 | L11: =단위당인건비!E57 -> 880485 | M11: =J11 -> 2 | N11: =TRUNC(M11*L11) -> 1760970 | O11: =단위당인건비!E58 -> 346793 | P11: =M11 -> 2 | Q11: =TRUNC(P11*O11) -> 693586 | R11: =SUM(F11,I11,L11,O11) -> 4508317 | S11: =P11 -> 2 | T11: =TRUNC(S11*R11) -> 9016634 | X11: =A11 -> 운영팀 | Y11: =B11 -> 전기팀장 | Z11: 원/월 | AA11: =S11 -> 2 | AB11: =R11 -> 4508317 | AC11: =T11 -> 9016634
A12: =IF(월기본급!A12="","",월기본급!A12) -> 운영팀 | B12: =IF(월기본급!B12="","",월기본급!B12) -> 기계팀장 | D12: =IF(월기본급!D12="","",월기본급!D12) -> 중급기술자 | F12: =단위당인건비!E74 -> 2641455 | G12: =투입인원!F12 -> 2 | H12: =TRUNC(G12*F12) -> 5282910 | I12: =단위당인건비!E78 -> 639584 | J12: =G12 -> 2 | K12: =TRUNC(J12*I12) -> 1279168 | L12: =단위당인건비!E79 -> 880485 | M12: =J12 -> 2 | N12: =TRUNC(M12*L12) -> 1760970 | O12: =단위당인건비!E80 -> 346793 | P12: =M12 -> 2 | Q12: =TRUNC(P12*O12) -> 693586 | R12: =SUM(F12,I12,L12,O12) -> 4508317 | S12: =P12 -> 2 | T12: =TRUNC(S12*R12) -> 9016634 | X12: =A12 -> 운영팀 | Y12: =B12 -> 기계팀장 | Z12: 원/월 | AA12: =S12 -> 2 | AB12: =R12 -> 4508317 | AC12: =T12 -> 9016634
A13: =IF(월기본급!A13="","",월기본급!A13) -> 운영팀 | B13: =IF(월기본급!B13="","",월기본급!B13) -> 전기담당 | D13: =IF(월기본급!D13="","",월기본급!D13) -> 초급기술자 | F13: =단위당인건비!E96 -> 2327017 | G13: =투입인원!F13 -> 2 | H13: =TRUNC(G13*F13) -> 4654034 | I13: =단위당인건비!E100 -> 563459 | J13: =G13 -> 2 | K13: =TRUNC(J13*I13) -> 1126918 | L13: =단위당인건비!E101 -> 775672 | M13: =J13 -> 2 | N13: =TRUNC(M13*L13) -> 1551344 | O13: =단위당인건비!E102 -> 305512 | P13: =M13 -> 2 | Q13: =TRUNC(P13*O13) -> 611024 | R13: =SUM(F13,I13,L13,O13) -> 3971660 | S13: =P13 -> 2 | T13: =TRUNC(S13*R13) -> 7943320 | X13: =A13 -> 운영팀 | Y13: =B13 -> 전기담당 | Z13: 원/월 | AA13: =S13 -> 2 | AB13: =R13 -> 3971660 | AC13: =T13 -> 7943320
A14: =IF(월기본급!A14="","",월기본급!A14) -> 운영팀 | B14: =IF(월기본급!B14="","",월기본급!B14) -> 기계담당 | D14: =IF(월기본급!D14="","",월기본급!D14) -> 초급기술자 | F14: =단위당인건비!E118 -> 2327017 | G14: =투입인원!F14 -> 2 | H14: =TRUNC(G14*F14) -> 4654034 | I14: =단위당인건비!E122 -> 563459 | J14: =G14 -> 2 | K14: =TRUNC(J14*I14) -> 1126918 | L14: =단위당인건비!E123 -> 775672 | M14: =J14 -> 2 | N14: =TRUNC(M14*L14) -> 1551344 | O14: =단위당인건비!E124 -> 305512 | P14: =M14 -> 2 | Q14: =TRUNC(P14*O14) -> 611024 | R14: =SUM(F14,I14,L14,O14) -> 3971660 | S14: =P14 -> 2 | T14: =TRUNC(S14*R14) -> 7943320 | X14: =A14 -> 운영팀 | Y14: =B14 -> 기계담당 | Z14: 원/월 | AA14: =S14 -> 2 | AB14: =R14 -> 3971660 | AC14: =T14 -> 7943320
A15: =IF(월기본급!A15="","",월기본급!A15) -> 운영팀 | B15: =IF(월기본급!B15="","",월기본급!B15) -> 전기담당 | D15: =IF(월기본급!D15="","",월기본급!D15) -> 고급숙련기술자 | F15: =단위당인건비!E140 -> 2515878 | G15: =투입인원!F15 -> 1 | H15: =TRUNC(G15*F15) -> 2515878 | I15: =단위당인건비!E144 -> 609184 | J15: =G15 -> 1 | K15: =TRUNC(J15*I15) -> 609184 | L15: =단위당인건비!E145 -> 838626 | M15: =J15 -> 1 | N15: =TRUNC(M15*L15) -> 838626 | O15: =단위당인건비!E146 -> 330307 | P15: =M15 -> 1 | Q15: =TRUNC(P15*O15) -> 330307 | R15: =SUM(F15,I15,L15,O15) -> 4293995 | S15: =P15 -> 1 | T15: =TRUNC(S15*R15) -> 4293995 | X15: =A15 -> 운영팀 | Y15: =B15 -> 전기담당 | Z15: 원/월 | AA15: =S15 -> 1 | AB15: =R15 -> 4293995 | AC15: =T15 -> 4293995
A16: =IF(월기본급!A16="","",월기본급!A16) -> 운영팀 | B16: =IF(월기본급!B16="","",월기본급!B16) -> 기계담당 | D16: =IF(월기본급!D16="","",월기본급!D16) -> 고급숙련기술자 | F16: =단위당인건비!E162 -> 2515878 | G16: =투입인원!F16 -> 1 | H16: =TRUNC(G16*F16) -> 2515878 | I16: =단위당인건비!E144 -> 609184 | J16: =G16 -> 1 | K16: =TRUNC(J16*I16) -> 609184 | L16: =단위당인건비!E167 -> 838626 | M16: =J16 -> 1 | N16: =TRUNC(M16*L16) -> 838626 | O16: =단위당인건비!E168 -> 330307 | P16: =M16 -> 1 | Q16: =TRUNC(P16*O16) -> 330307 | R16: =SUM(F16,I16,L16,O16) -> 4293995 | S16: =P16 -> 1 | T16: =TRUNC(S16*R16) -> 4293995 | X16: =A16 -> 운영팀 | Y16: =B16 -> 기계담당 | Z16: 원/월 | AA16: =S16 -> 1 | AB16: =R16 -> 4293995 | AC16: =T16 -> 4293995
A17: =IF(월기본급!A17="","",월기본급!A17) -> 운영팀 | B17: =IF(월기본급!B17="","",월기본급!B17) -> 전기담당 | D17: =IF(월기본급!D17="","",월기본급!D17) -> 중급숙련기술자 | F17: =단위당인건비!E184 -> 2238540 | G17: =투입인원!F17 -> 2 | H17: =TRUNC(G17*F17) -> 4477080 | I17: =단위당인건비!E188 -> 542034 | J17: =G17 -> 2 | K17: =TRUNC(J17*I17) -> 1084068 | L17: =단위당인건비!E189 -> 746180 | M17: =J17 -> 2 | N17: =TRUNC(M17*L17) -> 1492360 | O17: =단위당인건비!E190 -> 293896 | P17: =M17 -> 2 | Q17: =TRUNC(P17*O17) -> 587792 | R17: =SUM(F17,I17,L17,O17) -> 3820650 | S17: =P17 -> 2 | T17: =TRUNC(S17*R17) -> 7641300 | X17: =A17 -> 운영팀 | Y17: =B17 -> 전기담당 | Z17: 원/월 | AA17: =S17 -> 2 | AB17: =R17 -> 3820650 | AC17: =T17 -> 7641300
A18: =IF(월기본급!A18="","",월기본급!A18) -> 운영팀 | B18: =IF(월기본급!B18="","",월기본급!B18) -> 기계담당 | D18: =IF(월기본급!D18="","",월기본급!D18) -> 중급숙련기술자 | F18: =단위당인건비!E206 -> 2238540 | G18: =투입인원!F18 -> 2 | H18: =TRUNC(G18*F18) -> 4477080 | I18: =단위당인건비!E210 -> 542034 | J18: =G18 -> 2 | K18: =TRUNC(J18*I18) -> 1084068 | L18: =단위당인건비!E211 -> 746180 | M18: =J18 -> 2 | N18: =TRUNC(M18*L18) -> 1492360 | O18: =단위당인건비!E212 -> 293896 | P18: =M18 -> 2 | Q18: =TRUNC(P18*O18) -> 587792 | R18: =SUM(F18,I18,L18,O18) -> 3820650 | S18: =P18 -> 2 | T18: =TRUNC(S18*R18) -> 7641300 | X18: =A18 -> 운영팀 | Y18: =B18 -> 기계담당 | Z18: 원/월 | AA18: =S18 -> 2 | AB18: =R18 -> 3820650 | AC18: =T18 -> 7641300
A19: =IF(월기본급!A19="","",월기본급!A19) -> 운영팀 | B19: =IF(월기본급!B19="","",월기본급!B19) -> 전기담당 | D19: =IF(월기본급!D19="","",월기본급!D19) -> 초급숙련기술자 | F19: =단위당인건비!E250 -> 1966517 | G19: =투입인원!F19 -> 1 | H19: =TRUNC(G19*F19) -> 1966517 | I19: =단위당인건비!E254 -> 476148 | J19: =G19 -> 1 | K19: =TRUNC(J19*I19) -> 476148 | L19: =단위당인건비!E255 -> 655505 | M19: =J19 -> 1 | N19: =TRUNC(M19*L19) -> 655505 | O19: =단위당인건비!E256 -> 258180 | P19: =M19 -> 1 | Q19: =TRUNC(P19*O19) -> 258180 | R19: =SUM(F19,I19,L19,O19) -> 3356350 | S19: =P19 -> 1 | T19: =TRUNC(S19*R19) -> 3356350
A20: =IF(월기본급!A20="","",월기본급!A20) -> 운영팀 | B20: =IF(월기본급!B20="","",월기본급!B20) -> 기계담당 | D20: =IF(월기본급!D20="","",월기본급!D20) -> 초급숙련기술자 | F20: =단위당인건비!E272 -> 1966517 | G20: =투입인원!F20 -> 1 | H20: =TRUNC(G20*F20) -> 1966517 | I20: =단위당인건비!E276 -> 476148 | J20: =G20 -> 1 | K20: =TRUNC(J20*I20) -> 476148 | L20: =단위당인건비!E277 -> 655505 | M20: =J20 -> 1 | N20: =TRUNC(M20*L20) -> 655505 | O20: =단위당인건비!E278 -> 258180 | P20: =M20 -> 1 | Q20: =TRUNC(P20*O20) -> 258180 | R20: =SUM(F20,I20,L20,O20) -> 3356350 | S20: =P20 -> 1 | T20: =TRUNC(S20*R20) -> 3356350
A21: =IF(월기본급!A21="","",월기본급!A21) -> 환경팀 | B21: =IF(월기본급!B21="","",월기본급!B21) -> 환경팀장 | D21: =IF(월기본급!D21="","",월기본급!D21) -> 초급숙련기술자 | F21: =단위당인건비!E294 -> 1966517 | G21: =투입인원!F21 -> 1 | H21: =TRUNC(G21*F21) -> 1966517 | I21: =단위당인건비!E298 -> 476148 | J21: =G21 -> 1 | K21: =TRUNC(J21*I21) -> 476148 | L21: =단위당인건비!E299 -> 655505 | M21: =J21 -> 1 | N21: =TRUNC(M21*L21) -> 655505 | O21: =단위당인건비!E300 -> 258180 | P21: =M21 -> 1 | Q21: =TRUNC(P21*O21) -> 258180 | R21: =SUM(F21,I21,L21,O21) -> 3356350 | S21: =P21 -> 1 | T21: =TRUNC(S21*R21) -> 3356350
A22: =IF(월기본급!A22="","",월기본급!A22) -> 환경팀 | B22: =IF(월기본급!B22="","",월기본급!B22) -> 환경팀원 | D22: =IF(월기본급!D22="","",월기본급!D22) -> 단순노무종사원 | F22: =단위당인건비!E316 -> 1743130 | G22: =투입인원!F22 -> 2 | H22: =TRUNC(G22*F22) -> 3486260 | I22: =단위당인건비!E320 -> 422081 | J22: =G22 -> 2 | K22: =TRUNC(J22*I22) -> 844162 | L22: =단위당인건비!E321 -> 581043 | M22: =J22 -> 2 | N22: =TRUNC(M22*L22) -> 1162086 | O22: =단위당인건비!E322 -> 228854 | P22: =M22 -> 2 | Q22: =TRUNC(P22*O22) -> 457708 | R22: =SUM(F22,I22,L22,O22) -> 2975108 | S22: =P22 -> 2 | T22: =TRUNC(S22*R22) -> 5950216 | X22: =A22 -> 환경팀 | Y22: =B22 -> 환경팀원 | Z22: 원/월 | AA22: =S22 -> 2 | AB22: =R22 -> 2975108 | AC22: =T22 -> 5950216
A23: =IF(월기본급!A23="","",월기본급!A23) -> 운반팀 | B23: =IF(월기본급!B23="","",월기본급!B23) -> 운전원 | D23: =IF(월기본급!D23="","",월기본급!D23) -> 초급숙련기술자 | F23: =단위당인건비!E338 -> 1966517 | G23: =투입인원!F23 -> 1 | H23: =TRUNC(G23*F23) -> 1966517 | I23: =단위당인건비!E342 -> 476148 | J23: =G23 -> 1 | K23: =TRUNC(J23*I23) -> 476148 | L23: =단위당인건비!E343 -> 655505 | M23: =J23 -> 1 | N23: =TRUNC(M23*L23) -> 655505 | O23: =단위당인건비!E344 -> 258180 | P23: =M23 -> 1 | Q23: =TRUNC(P23*O23) -> 258180 | R23: =SUM(F23,I23,L23,O23) -> 3356350 | S23: =P23 -> 1 | T23: =TRUNC(S23*R23) -> 3356350
A24: =IF(월기본급!A24="","",월기본급!A24) -> 운반팀 | B24: =IF(월기본급!B24="","",월기본급!B24) -> 운반팀원 | D24: =IF(월기본급!D24="","",월기본급!D24) -> 단순노무종사원 | F24: =단위당인건비!E360 -> 1743130 | G24: =투입인원!F24 -> 2 | H24: =TRUNC(G24*F24) -> 3486260 | I24: =단위당인건비!E364 -> 422081 | J24: =G24 -> 2 | K24: =TRUNC(J24*I24) -> 844162 | L24: =단위당인건비!E365 -> 581043 | M24: =J24 -> 2 | N24: =TRUNC(M24*L24) -> 1162086 | O24: =단위당인건비!E366 -> 228854 | P24: =M24 -> 2 | Q24: =TRUNC(P24*O24) -> 457708 | R24: =SUM(F24,I24,L24,O24) -> 2975108 | S24: =P24 -> 2 | T24: =TRUNC(S24*R24) -> 5950216
A25: 계 | G25: =SUM(G8:G24) -> 25 | H25: =SUM(H8:H24) -> 56955159 | J25: =SUM(J8:J24) -> 25 | K25: =SUM(K8:K24) -> 13270300 | M25: =SUM(M8:M24) -> 25 | N25: =SUM(N8:N24) -> 18985047 | P25: =SUM(P8:P24) -> 25 | Q25: =SUM(Q8:Q24) -> 7434196 | S25: =SUM(S8:S24) -> 25 | T25: =SUM(T8:T24) -> 96644702 | AA25: =SUM(AA8:AA22) -> 18 | AC25: =SUM(AC8:AC22) -> 73912736
A26: ="주 1) 단위(1인당)인건비 : "&단위당인건비!A1&단위당인건비!A2&" 참조" -> 주 1) 단위(1인당)인건비 : [ 표 : 7 ] 직책별 단위(1인)당 인건비산출표 참조
A27: =" 2) 작업인원 : "&투입인원!A1&투입인원!A2&" 참조" -> 2) 작업인원 : [ 표 : 12 ] 적용직종 및 근무형태 참조

Sheet 제수당집계
A1: ="[ 표 : "&U1&" ] " -> [ 표 : 6 ] | U1: =인건비집계!U1+1 -> 6
A2: 제수당집계표
T4: 단위 : 원/월
A5: 구 분 | B5: 직 책 명 | D5: 직 종 명 | F5: 년차수당 | I5: 연장근로수당 | L5: 휴일근로수당 | O5: 휴일근로수당 | R5: 합 계
F6: 단위(1인)당 제수당 | G6: 작업 인원 | H6: 금 액 | I6: 단위(1인)당 제수당 | J6: 작업 인원 | K6: 금 액 | L6: 단위(1인)당 제수당 | M6: 작업 인원 | N6: 금 액 | O6: 단위(1인)당 제경비 | P6: 작업 인원 | Q6: 금 액 | R6: 단위(1인)당 제경비 | S6: 작업 인원 | T6: 금 액
F7: 주 1) | G7: 주 2) | I7: 주 1) | J7: 주 2) | L7: 주 1) | M7: 주 2) | O7: 주 1) | P7: 주 2)
A8: =IF(월기본급!A8="","",월기본급!A8) -> 관리팀 | B8: =IF(월기본급!B8="","",월기본급!B8) -> 관리소장 | D8: =IF(월기본급!D8="","",월기본급!D8) -> 고급기술자 | F8: =단위당인건비!E9 -> 241000 | G8: =투입인원!F8 -> 1 | H8: =TRUNC(G8*F8) -> 241000 | I8: =단위당인건비!E10 -> 0 | J8: =G8 -> 1 | K8: =TRUNC(J8*I8) -> 0 | L8: =단위당인건비!E11 -> 0 | M8: =J8 -> 1 | N8: =TRUNC(M8*L8) -> 0 | P8: =M8 -> 1 | Q8: =TRUNC(P8*O8) -> 0 | R8: =SUM(F8,I8,L8,O8) -> 241000 | S8: =P8 -> 1 | T8: =TRUNC(S8*R8) -> 241000
A9: =IF(월기본급!A9="","",월기본급!A9) -> 관리팀 | B9: =IF(월기본급!B9="","",월기본급!B9) -> 관리팀장 | D9: =IF(월기본급!D9="","",월기본급!D9) -> 고급기술자 | F9: =단위당인건비!E31 -> 241000 | G9: =투입인원!F9 -> 1 | H9: =TRUNC(G9*F9) -> 241000 | I9: =단위당인건비!E32 -> 0 | J9: =G9 -> 1 | K9: =TRUNC(J9*I9) -> 0 | L9: =단위당인건비!E33 -> 520560 | M9: =J9 -> 1 | N9: =TRUNC(M9*L9) -> 520560 | P9: =M9 -> 1 | Q9: =TRUNC(P9*O9) -> 0 | R9: =SUM(F9,I9,L9,O9) -> 761560 | S9: =P9 -> 1 | T9: =TRUNC(S9*R9) -> 761560
A10: =IF(월기본급!A10="","",월기본급!A10) -> 관리팀 | B10: =IF(월기본급!B10="","",월기본급!B10) -> 관리팀원 | D10: =IF(월기본급!D10="","",월기본급!D10) -> 초급숙련기술자 | F10: =단위당인건비!E229 -> 150680 | G10: =투입인원!F10 -> 1 | H10: =TRUNC(G10*F10) -> 150680 | J10: =G10 -> 1 | L10: =단위당인건비!E231 -> 325468 | M10: =J10 -> 1 | N10: =TRUNC(M10*L10) -> 325468 | P10: =M10 -> 1 | R10: =SUM(F10,I10,L10,O10) -> 476148 | S10: =P10 -> 1 | T10: =TRUNC(S10*R10) -> 476148
A11: =IF(월기본급!A11="","",월기본급!A11) -> 운영팀 | B11: =IF(월기본급!B11="","",월기본급!B11) -> 전기팀장 | D11: =IF(월기본급!D11="","",월기본급!D11) -> 중급기술자 | F11: =단위당인건비!E53 -> 202400 | G11: =투입인원!F11 -> 2 | H11: =TRUNC(G11*F11) -> 404800 | I11: =단위당인건비!E54 -> 0 | J11: =G11 -> 2 | K11: =TRUNC(J11*I11) -> 0 | L11: =단위당인건비!E55 -> 437184 | M11: =J11 -> 2 | N11: =TRUNC(M11*L11) -> 874368 | P11: =M11 -> 2 | Q11: =TRUNC(P11*O11) -> 0 | R11: =SUM(F11,I11,L11,O11) -> 639584 | S11: =P11 -> 2 | T11: =TRUNC(S11*R11) -> 1279168
A12: =IF(월기본급!A12="","",월기본급!A12) -> 운영팀 | B12: =IF(월기본급!B12="","",월기본급!B12) -> 기계팀장 | D12: =IF(월기본급!D12="","",월기본급!D12) -> 중급기술자 | F12: =단위당인건비!E75 -> 202400 | G12: =투입인원!F12 -> 2 | H12: =TRUNC(G12*F12) -> 404800 | I12: =단위당인건비!E76 -> 0 | J12: =G12 -> 2 | K12: =TRUNC(J12*I12) -> 0 | L12: =단위당인건비!E77 -> 437184 | M12: =J12 -> 2 | N12: =TRUNC(M12*L12) -> 874368 | P12: =M12 -> 2 | Q12: =TRUNC(P12*O12) -> 0 | R12: =SUM(F12,I12,L12,O12) -> 639584 | S12: =P12 -> 2 | T12: =TRUNC(S12*R12) -> 1279168
A13: =IF(월기본급!A13="","",월기본급!A13) -> 운영팀 | B13: =IF(월기본급!B13="","",월기본급!B13) -> 전기담당 | D13: =IF(월기본급!D13="","",월기본급!D13) -> 초급기술자 | F13: =단위당인건비!E97 -> 178310 | G13: =투입인원!F13 -> 2 | H13: =TRUNC(G13*F13) -> 356620 | I13: =단위당인건비!E98 -> 0 | J13: =G13 -> 2 | K13: =TRUNC(J13*I13) -> 0 | L13: =단위당인건비!E99 -> 385149 | M13: =J13 -> 2 | N13: =TRUNC(M13*L13) -> 770298 | P13: =M13 -> 2 | Q13: =TRUNC(P13*O13) -> 0 | R13: =SUM(F13,I13,L13,O13) -> 563459 | S13: =P13 -> 2 | T13: =TRUNC(S13*R13) -> 1126918
A14: =IF(월기본급!A14="","",월기본급!A14) -> 운영팀 | B14: =IF(월기본급!B14="","",월기본급!B14) -> 기계담당 | D14: =IF(월기본급!D14="","",월기본급!D14) -> 초급기술자 | F14: =단위당인건비!E119 -> 178310 | G14: =투입인원!F14 -> 2 | H14: =TRUNC(G14*F14) -> 356620 | I14: =단위당인건비!E120 -> 0 | J14: =G14 -> 2 | K14: =TRUNC(J14*I14) -> 0 | L14: =단위당인건비!E121 -> 385149 | M14: =J14 -> 2 | N14: =TRUNC(M14*L14) -> 770298 | P14: =M14 -> 2 | Q14: =TRUNC(P14*O14) -> 0 | R14: =SUM(F14,I14,L14,O14) -> 563459 | S14: =P14 -> 2 | T14: =TRUNC(S14*R14) -> 1126918
A15: =IF(월기본급!A15="","",월기본급!A15) -> 운영팀 | B15: =IF(월기본급!B15="","",월기본급!B15) -> 전기담당 | D15: =IF(월기본급!D15="","",월기본급!D15) -> 고급숙련기술자 | F15: =단위당인건비!E141 -> 192780 | G15: =투입인원!F15 -> 1 | H15: =TRUNC(G15*F15) -> 192780 | I15: =단위당인건비!E142 -> 0 | J15: =G15 -> 1 | K15: =TRUNC(J15*I15) -> 0 | L15: =단위당인건비!E143 -> 416404 | M15: =J15 -> 1 | N15: =TRUNC(M15*L15) -> 416404 | P15: =M15 -> 1 | Q15: =TRUNC(P15*O15) -> 0 | R15: =SUM(F15,I15,L15,O15) -> 609184 | S15: =P15 -> 1 | T15: =TRUNC(S15*R15) -> 609184
A16: =IF(월기본급!A16="","",월기본급!A16) -> 운영팀 | B16: =IF(월기본급!B16="","",월기본급!B16) -> 기계담당 | D16: =IF(월기본급!D16="","",월기본급!D16) -> 고급숙련기술자 | F16: =단위당인건비!E163 -> 192780 | G16: =투입인원!F16 -> 1 | H16: =TRUNC(G16*F16) -> 192780 | I16: =단위당인건비!E164 -> 0 | J16: =G16 -> 1 | K16: =TRUNC(J16*I16) -> 0 | L16: =단위당인건비!E165 -> 416404 | M16: =J16 -> 1 | N16: =TRUNC(M16*L16) -> 416404 | P16: =M16 -> 1 | Q16: =TRUNC(P16*O16) -> 0 | R16: =SUM(F16,I16,L16,O16) -> 609184 | S16: =P16 -> 1 | T16: =TRUNC(S16*R16) -> 609184
A17: =IF(월기본급!A17="","",월기본급!A17) -> 운영팀 | B17: =IF(월기본급!B17="","",월기본급!B17) -> 전기담당 | D17: =IF(월기본급!D17="","",월기본급!D17) -> 중급숙련기술자 | F17: =단위당인건비!E185 -> 171530 | G17: =투입인원!F17 -> 2 | H17: =TRUNC(G17*F17) -> 343060 | I17: =단위당인건비!E186 -> 0 | J17: =G17 -> 2 | K17: =TRUNC(J17*I17) -> 0 | L17: =단위당인건비!E187 -> 370504 | M17: =J17 -> 2 | N17: =TRUNC(M17*L17) -> 741008 | P17: =M17 -> 2 | Q17: =TRUNC(P17*O17) -> 0 | R17: =SUM(F17,I17,L17,O17) -> 542034 | S17: =P17 -> 2 | T17: =TRUNC(S17*R17) -> 1084068
A18: =IF(월기본급!A18="","",월기본급!A18) -> 운영팀 | B18: =IF(월기본급!B18="","",월기본급!B18) -> 기계담당 | D18: =IF(월기본급!D18="","",월기본급!D18) -> 중급숙련기술자 | F18: =단위당인건비!E207 -> 171530 | G18: =투입인원!F18 -> 2 | H18: =TRUNC(G18*F18) -> 343060 | I18: =단위당인건비!E208 -> 0 | J18: =G18 -> 2 | K18: =TRUNC(J18*I18) -> 0 | L18: =단위당인건비!E209 -> 370504 | M18: =J18 -> 2 | N18: =TRUNC(M18*L18) -> 741008 | P18: =M18 -> 2 | Q18: =TRUNC(P18*O18) -> 0 | R18: =SUM(F18,I18,L18,O18) -> 542034 | S18: =P18 -> 2 | T18: =TRUNC(S18*R18) -> 1084068
A19: =IF(월기본급!A19="","",월기본급!A19) -> 운영팀 | B19: =IF(월기본급!B19="","",월기본급!B19) -> 전기담당 | D19: =IF(월기본급!D19="","",월기본급!D19) -> 초급숙련기술자 | F19: =단위당인건비!E251 -> 150680 | G19: =투입인원!F19 -> 1 | H19: =TRUNC(G19*F19) -> 150680 | I19: =단위당인건비!E252 -> 0 | J19: =G19 -> 1 | K19: =TRUNC(J19*I19) -> 0 | L19: =단위당인건비!E253 -> 325468 | M19: =J19 -> 1 | N19: =TRUNC(M19*L19) -> 325468 | P19: =M19 -> 1 | Q19: =TRUNC(P19*O19) -> 0 | R19: =SUM(F19,I19,L19,O19) -> 476148 | S19: =P19 -> 1 | T19: =TRUNC(S19*R19) -> 476148
A20: =IF(월기본급!A20="","",월기본급!A20) -> 운영팀 | B20: =IF(월기본급!B20="","",월기본급!B20) -> 기계담당 | D20: =IF(월기본급!D20="","",월기본급!D20) -> 초급숙련기술자 | F20: =단위당인건비!E273 -> 150680 | G20: =투입인원!F20 -> 1 | H20: =TRUNC(G20*F20) -> 150680 | J20: =G20 -> 1 | L20: =단위당인건비!E275 -> 325468 | M20: =J20 -> 1 | N20: =TRUNC(M20*L20) -> 325468 | P20: =M20 -> 1 | R20: =SUM(F20,I20,L20,O20) -> 476148 | S20: =P20 -> 1 | T20: =TRUNC(S20*R20) -> 476148
A21: =IF(월기본급!A21="","",월기본급!A21) -> 환경팀 | B21: =IF(월기본급!B21="","",월기본급!B21) -> 환경팀장 | D21: =IF(월기본급!D21="","",월기본급!D21) -> 초급숙련기술자 | F21: =단위당인건비!E295 -> 150680 | G21: =투입인원!F21 -> 1 | H21: =TRUNC(G21*F21) -> 150680 | J21: =G21 -> 1 | L21: =단위당인건비!E297 -> 325468 | M21: =J21 -> 1 | N21: =TRUNC(M21*L21) -> 325468 | P21: =M21 -> 1 | R21: =SUM(F21,I21,L21,O21) -> 476148 | S21: =P21 -> 1 | T21: =TRUNC(S21*R21) -> 476148
A22: =IF(월기본급!A22="","",월기본급!A22) -> 환경팀 | B22: =IF(월기본급!B22="","",월기본급!B22) -> 환경팀원 | D22: =IF(월기본급!D22="","",월기본급!D22) -> 단순노무종사원 | F22: =단위당인건비!E317 -> 133570 | G22: =투입인원!F22 -> 2 | H22: =TRUNC(G22*F22) -> 267140 | J22: =G22 -> 2 | L22: =단위당인건비!E319 -> 288511 | M22: =J22 -> 2 | N22: =TRUNC(M22*L22) -> 577022 | P22: =M22 -> 2 | R22: =SUM(F22,I22,L22,O22) -> 422081 | S22: =P22 -> 2 | T22: =TRUNC(S22*R22) -> 844162
A23: =IF(월기본급!A23="","",월기본급!A23) -> 운반팀 | B23: =IF(월기본급!B23="","",월기본급!B23) -> 운전원 | D23: =IF(월기본급!D23="","",월기본급!D23) -> 초급숙련기술자 | F23: =단위당인건비!E339 -> 150680 | G23: =투입인원!F23 -> 1 | H23: =TRUNC(G23*F23) -> 150680 | J23: =G23 -> 1 | L23: =단위당인건비!E341 -> 325468 | M23: =J23 -> 1 | N23: =TRUNC(M23*L23) -> 325468 | P23: =M23 -> 1 | R23: =SUM(F23,I23,L23,O23) -> 476148 | S23: =P23 -> 1 | T23: =TRUNC(S23*R23) -> 476148
A24: =IF(월기본급!A24="","",월기본급!A24) -> 운반팀 | B24: =IF(월기본급!B24="","",월기본급!B24) -> 운반팀원 | D24: =IF(월기본급!D24="","",월기본급!D24) -> 단순노무종사원 | F24: =단위당인건비!E361 -> 133570 | G24: =투입인원!F24 -> 2 | H24: =TRUNC(G24*F24) -> 267140 | I24: =단위당인건비!E274 -> 0 | J24: =G24 -> 2 | K24: =TRUNC(J24*I24) -> 0 | L24: =단위당인건비!E363 -> 288511 | M24: =J24 -> 2 | N24: =TRUNC(M24*L24) -> 577022 | P24: =M24 -> 2 | Q24: =TRUNC(P24*O24) -> 0 | R24: =SUM(F24,I24,L24,O24) -> 422081 | S24: =P24 -> 2 | T24: =TRUNC(S24*R24) -> 844162
A25: 계 | G25: =SUM(G8:G24) -> 25 | H25: =SUM(H8:H24) -> 4364200 | J25: =SUM(J8:J24) -> 25 | K25: =SUM(K8:K24) -> 0 | M25: =SUM(M8:M24) -> 25 | N25: =SUM(N8:N24) -> 8906100 | P25: =SUM(P8:P24) -> 25 | Q25: =SUM(Q8:Q15) -> 0 | S25: =SUM(S8:S24) -> 25 | T25: =SUM(T8:T24) -> 13270300
A26: ="주 1) 단위(1인당)인건비 : "&단위당인건비!A1&단위당인건비!A2&" 참조" -> 주 1) 단위(1인당)인건비 : [ 표 : 7 ] 직책별 단위(1인)당 인건비산출표 참조
A27: =" 2) 작업인원 : "&투입인원!A1&투입인원!A2&" 참조" -> 2) 작업인원 : [ 표 : 12 ] 적용직종 및 근무형태 참조

Sheet 단위당인건비
A1: ="[ 표 : "&I1&" ] " -> [ 표 : 7 ] | I1: =제수당집계!U1+1 -> 7
A2: 직책별 단위(1인)당 인건비산출표
A4: ="구분 : "&월기본급!$A$8&" 직책 : "&월기본급!$B$8&" 직종명 : "&월기본급!$D$8&"" -> 구분 : 관리팀 직책 : 관리소장 직종명 : 고급기술자 | H4: 단위 : 원/월 | I4: =월기본급!$H$8 -> 20.6 | J4: 월근로시간 | K4: 휴일
A5: 구 분 | E5: 금 액 | G5: 관 련 법 규 | H5: 비 고 | I5: 4 | J5: 상여 | K5: =근무일수!Q11 -> 1.8
A6: 통상일급 | E6: =TRUNC(E7*8,0) -> 192800 | H6: 주 1)
A7: 통상시간급 | E7: =TRUNC(월기본급!$G$8+(E13/209),0) -> 24100 | H7: 주 2)
A8: 기본급 | E8: =월기본급!$I$8 -> 3145125 | G8: =월기본급!$A$1&" 참조" -> [ 표 : 8 ] 참조 | H8: 주 3)
A9: 제 수 당 | C9: 년차수당 | E9: =TRUNC(E6*15/12,0) -> 241000 | G9: 근로기준법 제60조 | H9: 주 4)
C10: 연장근로수당 | E10: =TRUNC(E6*I10*150%) -> 0 | G10: 근로기준법 제56조 | H10: 주 5) | J10: 연장근로일수
C11: 휴일근로수당 | E11: =TRUNC(E6*I11*150%) -> 0 | G11: 근로기준법 제56조 | H11: 주 6) | J11: 휴일근로일수
C12: 소계 | E12: =SUM(E9:E11) -> 241000
A13: 상여금 | E13: =TRUNC(E8*$I$5/12,0) -> 1048375 | H13: 주 7)
A14: 퇴직급여충당금 | E14: =TRUNC(SUM(E8,E12,E13)/12,0) -> 369541 | G14: 근로자퇴직급여 보장법 제8조 | H14: 주 8)
A15: 계 | E15: =SUM(E8,E12,E13,E14) -> 4804041
A16: ="주 1) 통상일급 : 통상시간급 × 8시간" -> 주 1) 통상일급 : 통상시간급 × 8시간
A17: 2) 통상시간급 : 시간급+(상여금÷209시간) | N17: =192800*20.6 -> 3971680
A18: * 월근무일수 = [(8시간(일일근로시간)×5일+8시간(유휴근로시간)]÷7일(1주)×365일/12개월 ≒ 209시간
A19: =" 3) 기본급 : "&월기본급!$A$1&월기본급!$A$2&" 참조" -> 3) 기본급 : [ 표 : 8 ] 월(M/M)당기본급산출표 참조
A20: =" 4) 년차수당 : "&FIXED(E6,0)&"(통상일급) × 15일/년 ÷ 12개월" -> 4) 년차수당 : 192,800(통상일급) × 15일/년 ÷ 12개월
A21: =" 5) 연장근로수당 : "&FIXED(E6,0)&"(통상일급) × "&I10&"일(연장근로일수) × 150%" -> 5) 연장근로수당 : 192,800(통상일급) × 일(연장근로일수) × 150%
A22: =" 6) 휴일근로수당 : "&FIXED(E6,0)&"(통상일급) × "&I11&"일(휴일근로일수) × 150%" -> 6) 휴일근로수당 : 192,800(통상일급) × 일(휴일근로일수) × 150%
A23: =" 7) 상여금 : "&FIXED(E8,0)&"(기본급) × "&$I$5&"개월(년 "&$I$5*100&"% 적용) ÷ 12개월" -> 7) 상여금 : 3,145,125(기본급) × 4개월(년 400% 적용) ÷ 12개월
A24: =" 8) 퇴직급여충당금 : {"&FIXED(E8,0)&"(기본급)+"&FIXED(E12,0)&"(제수당)+"&FIXED(E13,0)&"(상여금)} ÷ 12개월" -> 8) 퇴직급여충당금 : {3,145,125(기본급)+241,000(제수당)+1,048,375(상여금)} ÷ 12개월
A26: ="구분 : "&월기본급!$A$9&" 직책 : "&월기본급!$B$9&" 직종명 : "&월기본급!$D$9&"" -> 구분 : 관리팀 직책 : 관리팀장 직종명 : 고급기술자 | H26: 단위 : 원/월 | I26: =월기본급!$H$9 -> 20.6 | J26: 월근로시간
A27: 구 분 | E27: 금 액 | G27: 관 련 법 규 | H27: 비 고
A28: 통상일급 | E28: =TRUNC(E29*8,0) -> 192800 | H28: 주 1)
A29: 통상시간급 | E29: =TRUNC(월기본급!$G$9+(E35/209),0) -> 24100 | H29: 주 2)
A30: 기본급 | E30: =월기본급!$I$9 -> 3145125 | G30: =월기본급!$A$1&" 참조" -> [ 표 : 8 ] 참조 | H30: 주 3)
A31: 제 수 당 | C31: 년차수당 | E31: =TRUNC(E28*15/12,0) -> 241000 | G31: 근로기준법 제60조 | H31: 주 4)
C32: 연장근로수당 | E32: =TRUNC(E28*I32*150%) -> 0 | G32: 근로기준법 제56조 | H32: 주 5) | J32: 연장근로일수
C33: 휴일근로수당 | E33: =TRUNC(E28*I33*150%) -> 520560 | G33: 근로기준법 제56조 | H33: 주 6) | I33: =$K$5 -> 1.8 | J33: 휴일근로일수
C34: 소계 | E34: =SUM(E31:E33) -> 761560
A35: 상여금 | E35: =TRUNC(E30*$I$5/12,0) -> 1048375 | H35: 주 7)
A36: 퇴직급여충당금 | E36: =TRUNC(SUM(E30,E34,E35)/12,0) -> 412921 | G36: 근로자퇴직급여 보장법 제8조 | H36: 주 8)
A37: 계 | E37: =SUM(E30,E34,E35,E36) -> 5367981
A38: ="주 1) 통상일급 : 통상시간급 × 8시간" -> 주 1) 통상일급 : 통상시간급 × 8시간
A39: 2) 통상시간급 : 시간급+(상여금÷209시간)
A40: * 월근무일수 = [(8시간(일일근로시간)×5일+8시간(유휴근로시간)]÷7일(1주)×365일/12개월 ≒ 209시간
A41: =" 3) 기본급 : "&월기본급!$A$1&월기본급!$A$2&" 참조" -> 3) 기본급 : [ 표 : 8 ] 월(M/M)당기본급산출표 참조
A42: =" 4) 년차수당 : "&FIXED(E28,0)&"(통상일급) × 15일/년 ÷ 12개월" -> 4) 년차수당 : 192,800(통상일급) × 15일/년 ÷ 12개월
A43: =" 5) 연장근로수당 : "&FIXED(E28,0)&"(통상일급) × "&I32&"일(연장근로일수) × 150%" -> 5) 연장근로수당 : 192,800(통상일급) × 일(연장근로일수) × 150%
A44: =" 6) 휴일근로수당 : "&FIXED(E28,0)&"(통상일급) × "&I33&"일(휴일근로일수) × 150%" -> 6) 휴일근로수당 : 192,800(통상일급) × 1.8일(휴일근로일수) × 150%
A45: =" 7) 상여금 : "&FIXED(E30,0)&"(기본급) × "&$I$5&"개월(년 "&$I$5*100&"% 적용) ÷ 12개월" -> 7) 상여금 : 3,145,125(기본급) × 4개월(년 400% 적용) ÷ 12개월
A46: =" 8) 퇴직급여충당금 : {"&FIXED(E30,0)&"(기본급)+"&FIXED(E34,0)&"(제수당)+"&FIXED(E35,0)&"(상여금)} ÷ 12개월" -> 8) 퇴직급여충당금 : {3,145,125(기본급)+761,560(제수당)+1,048,375(상여금)} ÷ 12개월
A48: ="구분 : "&월기본급!$A$11&" 직책 : "&월기본급!$B$11&" 직종명 : "&월기본급!$D$11&"" -> 구분 : 운영팀 직책 : 전기팀장 직종명 : 중급기술자 | H48: 단위 : 원/월 | I48: =월기본급!H11 -> 20.6 | J48: 월근로시간
A49: 구 분 | E49: 금 액 | G49: 관 련 법 규 | H49: 비 고
A50: 통상일급 | E50: =TRUNC(E51*8,0) -> 161920 | H50: 주 1)
A51: 통상시간급 | E51: =TRUNC(월기본급!$G$11+(E57/209),0) -> 20240 | H51: 주 2)
A52: 기본급 | E52: =월기본급!$I$11 -> 2641455 | G52: =월기본급!$A$1&" 참조" -> [ 표 : 8 ] 참조 | H52: 주 3)
A53: 제 수 당 | C53: 년차수당 | E53: =TRUNC(E50*15/12,0) -> 202400 | G53: 근로기준법 제60조 | H53: 주 4)
C54: 연장근로수당 | E54: =TRUNC(E50*I54*150%) -> 0 | G54: 근로기준법 제56조 | H54: 주 5) | J54: 연장근로일수
C55: 휴일근로수당 | E55: =TRUNC(E50*I55*150%) -> 437184 | G55: 근로기준법 제56조 | H55: 주 6) | I55: =$K$5 -> 1.8 | J55: 휴일근로일수
C56: 소계 | E56: =SUM(E53:E55) -> 639584
A57: 상여금 | E57: =TRUNC(E52*$I$5/12,0) -> 880485 | H57: 주 7)
A58: 퇴직급여충당금 | E58: =TRUNC(SUM(E52,E56,E57)/12,0) -> 346793 | G58: 근로자퇴직급여 보장법 제8조 | H58: 주 8)
A59: 계 | E59: =SUM(E52,E56,E57,E58) -> 4508317
A60: ="주 1) 통상일급 : 통상시간급 × 8시간" -> 주 1) 통상일급 : 통상시간급 × 8시간
A61: 2) 통상시간급 : 시간급+(상여금÷209시간)
A62: * 월근무일수 = [(8시간(일일근로시간)×5일+8시간(유휴근로시간)]÷7일(1주)×365일/12개월 ≒ 209시간
A63: =" 3) 기본급 : "&월기본급!$A$1&월기본급!$A$2&" 참조" -> 3) 기본급 : [ 표 : 8 ] 월(M/M)당기본급산출표 참조
A64: =" 4) 년차수당 : "&FIXED(E50,0)&"(통상일급) × 15일/년 ÷ 12개월" -> 4) 년차수당 : 161,920(통상일급) × 15일/년 ÷ 12개월
A65: =" 5) 연장근로수당 : "&FIXED(E50,0)&"(통상일급) × "&I54&"일(연장근로일수) × 150%" -> 5) 연장근로수당 : 161,920(통상일급) × 일(연장근로일수) × 150%
A66: =" 6) 휴일근로수당 : "&FIXED(E50,0)&"(통상일급) × "&I55&"일(휴일근로일수) × 150%" -> 6) 휴일근로수당 : 161,920(통상일급) × 1.8일(휴일근로일수) × 150%
A67: =" 7) 상여금 : "&FIXED(E52,0)&"(기본급) × "&$I$5&"개월(년 "&$I$5*100&"% 적용) ÷ 12개월" -> 7) 상여금 : 2,641,455(기본급) × 4개월(년 400% 적용) ÷ 12개월
A68: =" 8) 퇴직급여충당금 : {"&FIXED(E52,0)&"(기본급)+"&FIXED(E56,0)&"(제수당)+"&FIXED(E57,0)&"(상여금)} ÷ 12개월" -> 8) 퇴직급여충당금 : {2,641,455(기본급)+639,584(제수당)+880,485(상여금)} ÷ 12개월
A70: ="구분 : "&월기본급!$A$12&" 직책 : "&월기본급!$B$12&" 직종명 : "&월기본급!$D$12&"" -> 구분 : 운영팀 직책 : 기계팀장 직종명 : 중급기술자 | H70: 단위 : 원/월 | I70: =월기본급!$H$11 -> 20.6 | J70: 월근로시간
A71: 구 분 | E71: 금 액 | G71: 관 련 법 규 | H71: 비 고
A72: 통상일급 | E72: =TRUNC(E73*8,0) -> 161920 | H72: 주 1)
A73: 통상시간급 | E73: =TRUNC(월기본급!$G$12+(E79/209),0) -> 20240 | H73: 주 2)
A74: 기본급 | E74: =월기본급!$I$12 -> 2641455 | G74: =월기본급!$A$1&" 참조" -> [ 표 : 8 ] 참조 | H74: 주 3)
A75: 제 수 당 | C75: 년차수당 | E75: =TRUNC(E72*15/12,0) -> 202400 | G75: 근로기준법 제60조 | H75: 주 4)
C76: 연장근로수당 | E76: =TRUNC(E72*I76*150%) -> 0 | G76: 근로기준법 제56조 | H76: 주 5) | J76: 연장근로일수
C77: 휴일근로수당 | E77: =TRUNC(E72*I77*150%) -> 437184 | G77: 근로기준법 제56조 | H77: 주 6) | I77: =$K$5 -> 1.8 | J77: 휴일근로일수
C78: 소계 | E78: =SUM(E75:E77) -> 639584
A79: 상여금 | E79: =TRUNC(E74*$I$5/12,0) -> 880485 | H79: 주 7)
A80: 퇴직급여충당금 | E80: =TRUNC(SUM(E74,E78,E79)/12,0) -> 346793 | G80: 근로자퇴직급여 보장법 제8조 | H80: 주 8)
A81: 계 | E81: =SUM(E74,E78,E79,E80) -> 4508317
A82: ="주 1) 통상일급 : 통상시간급 × 8시간" -> 주 1) 통상일급 : 통상시간급 × 8시간
A83: 2) 통상시간급 : 시간급+(상여금÷209시간)
A84: * 월근무일수 = [(8시간(일일근로시간)×5일+8시간(유휴근로시간)]÷7일(1주)×365일/12개월 ≒ 209시간
A85: =" 3) 기본급 : "&월기본급!$A$1&월기본급!$A$2&" 참조" -> 3) 기본급 : [ 표 : 8 ] 월(M/M)당기본급산출표 참조
A86: =" 4) 년차수당 : "&FIXED(E72,0)&"(통상일급) × 15일/년 ÷ 12개월" -> 4) 년차수당 : 161,920(통상일급) × 15일/년 ÷ 12개월
A87: =" 5) 연장근로수당 : "&FIXED(E72,0)&"(통상일급) × "&I76&"일(연장근로일수) × 150%" -> 5) 연장근로수당 : 161,920(통상일급) × 일(연장근로일수) × 150%
A88: =" 6) 휴일근로수당 : "&FIXED(E72,0)&"(통상일급) × "&I77&"일(휴일근로일수) × 150%" -> 6) 휴일근로수당 : 161,920(통상일급) × 1.8일(휴일근로일수) × 150%
A89: =" 7) 상여금 : "&FIXED(E74,0)&"(기본급) × "&$I$5&"개월(년 "&$I$5*100&"% 적용) ÷ 12개월" -> 7) 상여금 : 2,641,455(기본급) × 4개월(년 400% 적용) ÷ 12개월
A90: =" 8) 퇴직급여충당금 : {"&FIXED(E74,0)&"(기본급)+"&FIXED(E78,0)&"(제수당)+"&FIXED(E79,0)&"(상여금)} ÷ 12개월" -> 8) 퇴직급여충당금 : {2,641,455(기본급)+639,584(제수당)+880,485(상여금)} ÷ 12개월
A92: ="구분:"&월기본급!$A$13&" 직책:"&월기본급!$B$13&" 직종명:"&월기본급!$D$13&"" -> 구분:운영팀 직책:전기담당 직종명:초급기술자 | H92: 단위 : 원/월 | I92: =월기본급!$H$12 -> 20.6 | J92: 월근로시간
A93: 구 분 | E93: 금 액 | G93: 관 련 법 규 | H93: 비 고
A94: 통상일급 | E94: =TRUNC(E95*8,0) -> 142648 | H94: 주 1)
A95: 통상시간급 | E95: =TRUNC(월기본급!$G$13+(E101/209),0) -> 17831 | H95: 주 2)
A96: 기본급 | E96: =월기본급!$I$13 -> 2327017 | G96: =월기본급!$A$1&" 참조" -> [ 표 : 8 ] 참조 | H96: 주 3)
A97: 제 수 당 | C97: 년차수당 | E97: =TRUNC(E94*15/12,0) -> 178310 | G97: 근로기준법 제60조 | H97: 주 4)
C98: 연장근로수당 | E98: =TRUNC(E94*I98*150%) -> 0 | G98: 근로기준법 제56조 | H98: 주 5) | J98: 연장근로일수
C99: 휴일근로수당 | E99: =TRUNC(E94*I99*150%) -> 385149 | G99: 근로기준법 제56조 | H99: 주 6) | I99: =$K$5 -> 1.8 | J99: 휴일근로일수
C100: 소계 | E100: =SUM(E97:E99) -> 563459
A101: 상여금 | E101: =TRUNC(E96*$I$5/12,0) -> 775672 | H101: 주 7)
A102: 퇴직급여충당금 | E102: =TRUNC(SUM(E96,E100,E101)/12,0) -> 305512 | G102: 근로자퇴직급여 보장법 제8조 | H102: 주 8)
A103: 계 | E103: =SUM(E96,E100,E101,E102) -> 3971660
A104: ="주 1) 통상일급 : 통상시간급 × 8시간" -> 주 1) 통상일급 : 통상시간급 × 8시간
A105: 2) 통상시간급 : 시간급+(상여금÷209시간)
...

Sheet 엔지니어노임
A1: ="[ 표 : "&L1&" ] " -> [ 표 : 10 ] | L1: =기본급추정!O1+1 -> 10 | N1: 엔지니어링기술자 등급별 일급(분개)단가표
A2: 엔지니어링기술자 등급별 M/D당 임율산출표
R3: (단위 : 원)
K4: 단위 : 원
A5: 구 분 | D5: 기계/설비 | E5: 전기 | F5: 정보통신 | G5: 건설 | H5: 환경 | I5: 원자력 | J5: 기타 | K5: 비 고 | N5: 구분 | P5: M/D당 임률(2023년) | Q5: 일급(분개)단가 | R5: 비고
N6: 기술사 | P6: 424902 | Q6: 220843 | R6: 엔지니어링기술자 평균임금(환경)
B7: 기술사 | D7: 445789 | E7: 431962 | F7: 417280 | G7: 432440 | H7: 424902 | I7: 539581 | J7: 400781 | N7: 특급기술자 | P7: 322680 | Q7: 167711
B8: 특급기술자 | D8: 367153 | E8: 325361 | F8: 310245 | G8: 335638 | H8: 322680 | I8: 450664 | J8: 325337 | N8: 고급기술자 | P8: 293753 | Q8: 152676
B9: 고급기술자 | D9: 313547 | E9: 285820 | F9: 281987 | G9: 282545 | H9: 293753 | I9: 361182 | J9: 280031 | N9: 중급기술자 | P9: 246709 | Q9: 128226
B10: 중급기술자 | D10: 266506 | E10: 268378 | F10: 254590 | G10: 261571 | H10: 246709 | I10: 324116 | J10: 228300 | N10: 초급기술자 | P10: 217342 | Q10: 112962
B11: 초급기술자 | D11: 228792 | E11: 224434 | F11: 218500 | G11: 205686 | H11: 217342 | I11: 267042 | J11: 202067 | N11: 고급숙련기술자 | P11: 234982 | Q11: 122130
B12: 고급숙련기술자 | D12: 273502 | E12: 283141 | F12: 232694 | G12: 240947 | H12: 234982 | I12: 324521 | J12: 250442 | N12: 중급숙련기술자 | P12: 209077 | Q12: 108667
B13: 중급숙련기술자 | D13: 207122 | E13: 211043 | F13: 202588 | G13: 220894 | H13: 209077 | I13: 301470 | J13: 201395 | N13: 초급숙련기술자 | P13: 183671 | Q13: 95462
B14: 초급숙련기술자 | D14: 185413 | E14: 181762 | F14: 175059 | G14: 186909 | H14: 183671 | I14: 201653 | J14: 166204 | N14: 단순노무종사원주1) | P14: 84618 | Q14: 84618 | R14: 중소기업중앙회
B15: 근무일수(일) | D15: 20.6 | E15: 20.6 | F15: 20.6 | G15: 20.6 | H15: 20.6 | I15: 20.6 | J15: 20.6 | N15: 주 1) 중소기업중앙회 : 본 평균 조사노임(일급)의 적용시점 : 2023. 1. 1.
A16: 주) 엔지니어링 기술자 등급별 일 노임단가(한국엔지니어링협회, 2023.01.01 시행)
B17: * 환경부문 : 대기관리, 수질관리, 소음·진동, 폐기물처리, 자연·토양환경이 있음

Sheet 월기본급
A1: ="[ 표 : "&K1&" ] " -> [ 표 : 8 ] | K1: =단위당인건비!I1+1 -> 8
A2: 월(M/M)당기본급산출표
J4: 단위 : 원/월
A5: 구 분 | B5: 직 책 명 | D5: 직 종 명 | F5: 일(M/D)당 기본급 | G5: 시간(M/HR)당 기본급 | H5: 월평균 근무일수 | I5: 월(M/M)당 기본급 | J5: 비 고 | K5: =ROUND((8*5+8)/7*365/12,0) -> 209 | P5: 직종번호
F7: 주 1) | G7: 주 2) | H7: 주 3) | I7: 주 4)
A8: =IF(투입인원!A8="","",투입인원!A8) -> 관리팀 | B8: =IF(투입인원!B8="","",투입인원!B8) -> 관리소장 | D8: =IF(투입인원!D8="","",투입인원!D8) -> 고급기술자 | F8: =HLOOKUP(D8,기본급추정!$5:$11,5,FALSE) -> 152676 | G8: =TRUNC(F8/8) -> 19084 | H8: 20.6 | I8: =TRUNC(F8*H8) -> 3145125 | K8: =G8*209 -> 3988556 | L8: =F8/8*209 -> 3988660.5 | P8: =CONCATENATE("제-",VLOOKUP(D8,#REF!,4,FALSE),"번") -> #REF! | R8: =152676*20.6 -> 3145125.6
A9: =IF(투입인원!A9="","",투입인원!A9) -> 관리팀 | B9: =IF(투입인원!B9="","",투입인원!B9) -> 관리팀장 | D9: =IF(투입인원!D9="","",투입인원!D9) -> 고급기술자 | F9: =HLOOKUP(D9,기본급추정!$5:$11,5,FALSE) -> 152676 | G9: =TRUNC(F9/8) -> 19084 | H9: =H8 -> 20.6 | I9: =TRUNC(F9*H9) -> 3145125 | K9: =G9*209 -> 3988556 | L9: =F9/8*209 -> 3988660.5 | P9: =CONCATENATE("제-",VLOOKUP(D9,#REF!,4,FALSE),"번") -> #REF!
A10: =IF(투입인원!A10="","",투입인원!A10) -> 관리팀 | B10: =IF(투입인원!B10="","",투입인원!B10) -> 관리팀원 | D10: =IF(투입인원!D10="","",투입인원!D10) -> 초급숙련기술자 | F10: =HLOOKUP(D10,기본급추정!$5:$11,5,FALSE) -> 95462 | G10: =TRUNC(F10/8) -> 11932 | H10: =H9 -> 20.6 | I10: =TRUNC(F10*H10) -> 1966517
A11: =IF(투입인원!A11="","",투입인원!A11) -> 운영팀 | B11: =IF(투입인원!B11="","",투입인원!B11) -> 전기팀장 | D11: =IF(투입인원!D11="","",투입인원!D11) -> 중급기술자 | F11: =HLOOKUP(D11,기본급추정!$5:$11,5,FALSE) -> 128226 | G11: =TRUNC(F11/8) -> 16028 | H11: =H10 -> 20.6 | I11: =TRUNC(F11*H11) -> 2641455 | K11: =G11*209 -> 3349852 | L11: =F11/8*209 -> 3349904.2 | P11: =CONCATENATE("제-",VLOOKUP(D11,#REF!,4,FALSE),"번") -> #REF!
A12: =IF(투입인원!A12="","",투입인원!A12) -> 운영팀 | B12: =IF(투입인원!B12="","",투입인원!B12) -> 기계팀장 | D12: =IF(투입인원!D12="","",투입인원!D12) -> 중급기술자 | F12: =HLOOKUP(D12,기본급추정!$5:$11,5,FALSE) -> 128226 | G12: =TRUNC(F12/8) -> 16028 | H12: =H11 -> 20.6 | I12: =TRUNC(F12*H12) -> 2641455 | K12: =G12*209 -> 3349852 | L12: =F12/8*209 -> 3349904.2 | P12: =CONCATENATE("제-",VLOOKUP(D12,#REF!,4,FALSE),"번") -> #REF!
A13: =IF(투입인원!A13="","",투입인원!A13) -> 운영팀 | B13: =IF(투입인원!B13="","",투입인원!B13) -> 전기담당 | D13: =IF(투입인원!D13="","",투입인원!D13) -> 초급기술자 | F13: =HLOOKUP(D13,기본급추정!$5:$11,5,FALSE) -> 112962 | G13: =TRUNC(F13/8) -> 14120 | H13: =H12 -> 20.6 | I13: =TRUNC(F13*H13) -> 2327017 | K13: =G13*209 -> 2951080 | L13: =F13/8*209 -> 2951132.2 | P13: =CONCATENATE("제-",VLOOKUP(D13,#REF!,4,FALSE),"번") -> #REF!
A14: =IF(투입인원!A14="","",투입인원!A14) -> 운영팀 | B14: =IF(투입인원!B14="","",투입인원!B14) -> 기계담당 | D14: =IF(투입인원!D14="","",투입인원!D14) -> 초급기술자 | F14: =HLOOKUP(D14,기본급추정!$5:$11,5,FALSE) -> 112962 | G14: =TRUNC(F14/8) -> 14120 | H14: =H13 -> 20.6 | I14: =TRUNC(F14*H14) -> 2327017 | K14: =G14*209 -> 2951080 | L14: =F14/8*209 -> 2951132.2 | P14: =CONCATENATE("제-",VLOOKUP(D14,#REF!,4,FALSE),"번") -> #REF!
A15: =IF(투입인원!A15="","",투입인원!A15) -> 운영팀 | B15: =IF(투입인원!B15="","",투입인원!B15) -> 전기담당 | D15: =IF(투입인원!D15="","",투입인원!D15) -> 고급숙련기술자 | F15: =HLOOKUP(D15,기본급추정!$5:$11,5,FALSE) -> 122130 | G15: =TRUNC(F15/8) -> 15266 | H15: =H14 -> 20.6 | I15: =TRUNC(F15*H15) -> 2515878 | K15: =G15*209 -> 3190594 | L15: =F15/8*209 -> 3190646.2 | P15: =CONCATENATE("제-",VLOOKUP(D15,#REF!,4,FALSE),"번") -> #REF!
A16: =IF(투입인원!A16="","",투입인원!A16) -> 운영팀 | B16: =IF(투입인원!B16="","",투입인원!B16) -> 기계담당 | D16: =IF(투입인원!D16="","",투입인원!D16) -> 고급숙련기술자 | F16: =HLOOKUP(D16,기본급추정!$5:$11,5,FALSE) -> 122130 | G16: =TRUNC(F16/8) -> 15266 | H16: =H15 -> 20.6 | I16: =TRUNC(F16*H16) -> 2515878 | K16: =G16*209 -> 3190594 | L16: =F16/8*209 -> 3190646.2 | P16: =CONCATENATE("제-",VLOOKUP(D16,#REF!,4,FALSE),"번") -> #REF!
A17: =IF(투입인원!A17="","",투입인원!A17) -> 운영팀 | B17: =IF(투입인원!B17="","",투입인원!B17) -> 전기담당 | D17: =IF(투입인원!D17="","",투입인원!D17) -> 중급숙련기술자 | F17: =HLOOKUP(D17,기본급추정!$5:$11,5,FALSE) -> 108667 | G17: =TRUNC(F17/8) -> 13583 | H17: =H16 -> 20.6 | I17: =TRUNC(F17*H17) -> 2238540 | K17: =G17*209 -> 2838847 | L17: =F17/8*209 -> 2838925.4 | P17: =CONCATENATE("제-",VLOOKUP(D17,#REF!,4,FALSE),"번") -> #REF!
A18: =IF(투입인원!A18="","",투입인원!A18) -> 운영팀 | B18: =IF(투입인원!B18="","",투입인원!B18) -> 기계담당 | D18: =IF(투입인원!D18="","",투입인원!D18) -> 중급숙련기술자 | F18: =HLOOKUP(D18,기본급추정!$5:$11,5,FALSE) -> 108667 | G18: =TRUNC(F18/8) -> 13583 | H18: =H17 -> 20.6 | I18: =TRUNC(F18*H18) -> 2238540 | K18: =G18*209 -> 2838847 | L18: =F18/8*209 -> 2838925.4 | P18: =CONCATENATE("제-",VLOOKUP(D18,#REF!,4,FALSE),"번") -> #REF!
A19: =IF(투입인원!A19="","",투입인원!A19) -> 운영팀 | B19: =IF(투입인원!B19="","",투입인원!B19) -> 전기담당 | D19: =IF(투입인원!D19="","",투입인원!D19) -> 초급숙련기술자 | F19: =HLOOKUP(D19,기본급추정!$5:$11,5,FALSE) -> 95462 | G19: =TRUNC(F19/8) -> 11932 | H19: =H18 -> 20.6 | I19: =TRUNC(F19*H19) -> 1966517
A20: =IF(투입인원!A20="","",투입인원!A20) -> 운영팀 | B20: =IF(투입인원!B20="","",투입인원!B20) -> 기계담당 | D20: =IF(투입인원!D20="","",투입인원!D20) -> 초급숙련기술자 | F20: =HLOOKUP(D20,기본급추정!$5:$11,5,FALSE) -> 95462 | G20: =TRUNC(F20/8) -> 11932 | H20: =H19 -> 20.6 | I20: =TRUNC(F20*H20) -> 1966517
A21: =IF(투입인원!A21="","",투입인원!A21) -> 환경팀 | B21: =IF(투입인원!B21="","",투입인원!B21) -> 환경팀장 | D21: =IF(투입인원!D21="","",투입인원!D21) -> 초급숙련기술자 | F21: =HLOOKUP(D21,기본급추정!$5:$11,5,FALSE) -> 95462 | G21: =TRUNC(F21/8) -> 11932 | H21: =H20 -> 20.6 | I21: =TRUNC(F21*H21) -> 1966517
A22: =IF(투입인원!A22="","",투입인원!A22) -> 환경팀 | B22: =IF(투입인원!B22="","",투입인원!B22) -> 환경팀원 | D22: =IF(투입인원!D22="","",투입인원!D22) -> 단순노무종사원 | F22: =HLOOKUP(D22,기본급추정!$5:$11,5,FALSE) -> 84618 | G22: =TRUNC(F22/8) -> 10577 | H22: =H21 -> 20.6 | I22: =TRUNC(F22*H22) -> 1743130
A23: =IF(투입인원!A23="","",투입인원!A23) -> 운반팀 | B23: =IF(투입인원!B23="","",투입인원!B23) -> 운전원 | D23: =IF(투입인원!D23="","",투입인원!D23) -> 초급숙련기술자 | F23: =HLOOKUP(D23,기본급추정!$5:$11,5,FALSE) -> 95462 | G23: =TRUNC(F23/8) -> 11932 | H23: =H22 -> 20.6 | I23: =TRUNC(F23*H23) -> 1966517
A24: =IF(투입인원!A24="","",투입인원!A24) -> 운반팀 | B24: =IF(투입인원!B24="","",투입인원!B24) -> 운반팀원 | D24: =IF(투입인원!D24="","",투입인원!D24) -> 단순노무종사원 | F24: =HLOOKUP(D24,기본급추정!$5:$11,5,FALSE) -> 84618 | G24: =TRUNC(F24/8) -> 10577 | H24: =H23 -> 20.6 | I24: =TRUNC(F24*H24) -> 1743130 | K24: =G24*209 -> 2210593 | L24: =F24/8*209 -> 2210645.2 | P24: =CONCATENATE("제-",VLOOKUP(D24,#REF!,4,FALSE),"번") -> #REF!
A26: ="주 1) 일(M/D)당기본급 : "&기본급추정!A1&기본급추정!A2&" 및 제조노임단가(중소기업중앙회 발표)" -> 주 1) 일(M/D)당기본급 : [ 표 : 9 ] 엔지니어링기술자노임단가 기본급추정 산출표 및 제조노임단가(중소기업중앙회 발표)
A27: 2) 시간(M/HR)당기본급 : 일(M/D)당기본급 ÷ 8시간(일일근로시간)
A28: =" 3) 월평균근무일수 : 엔지니어링 기술자 등급별 일 노임단가(한국엔지니어링협회 정책연구실-377호, " -> 3) 월평균근무일수 : 엔지니어링 기술자 등급별 일 노임단가(한국엔지니어링협회 정책연구실-377호, | L28: 2017년 최저임금 | M28: 월기본급
A29: 2022.12.12발표, 2023.01.01 시행)
A30: 4) 월(M/M)당기본급 : 일(M/D)당기본급 × 월평균근로일수 | L30: 6470 | M30: =L30*209 -> 1352230
K37: =ROUND((8*5)/7*365/12,0) -> 174

Sheet 기본급추정
A1: ="[ 표 : "&O1&" ] " -> [ 표 : 9 ] | O1: =월기본급!K1+1 -> 9
A2: 엔지니어링기술자노임단가 기본급추정 산출표
N4: 단위 : 원/월
A5: 구 분 | E5: 기술사 | F5: 특급기술자 | G5: 고급기술자 | H5: 중급기술자 | I5: 초급기술자 | J5: 고급숙련기술자 | K5: 중급숙련기술자 | L5: 초급숙련기술자 | M5: 단순노무종사원 | N5: 비 고
A6: 노임단가(일) | E6: =엔지니어노임!H7 -> 424902 | F6: =엔지니어노임!H8 -> 322680 | G6: =엔지니어노임!H9 -> 293753 | H6: =엔지니어노임!H10 -> 246709 | I6: =엔지니어노임!H11 -> 217342 | J6: =엔지니어노임!H12 -> 234982 | K6: =엔지니어노임!H13 -> 209077 | L6: =엔지니어노임!H14 -> 183671 | M6: 84618 | N6: =엔지니어노임!A1&"참조" -> [ 표 : 10 ] 참조
A7: 월평균근무일수 | E7: =엔지니어노임!D15 -> 20.6 | F7: =E7 -> 20.6 | G7: =F7 -> 20.6 | H7: =G7 -> 20.6 | I7: =H7 -> 20.6 | J7: =I7 -> 20.6 | K7: =J7 -> 20.6 | L7: =K7 -> 20.6 | M7: 20.6
A8: 노임단가(월) | E8: =ROUND(E6*E7,0) -> 8752981 | F8: =ROUND(F6*F7,0) -> 6647208 | G8: =ROUND(G6*G7,0) -> 6051312 | H8: =ROUND(H6*H7,0) -> 5082205 | I8: =ROUND(I6*I7,0) -> 4477245 | J8: =ROUND(J6*J7,0) -> 4840629 | K8: =ROUND(K6*K7,0) -> 4306986 | L8: =ROUND(L6*L7,0) -> 3783623 | M8: =ROUND(M6*M7,0) -> 1743131
A9: 일(M/D)당기본급 | E9: =엔지니어노임!Q6 -> 220843 | F9: =엔지니어노임!Q7 -> 167711 | G9: =엔지니어노임!Q8 -> 152676 | H9: =엔지니어노임!Q9 -> 128226 | I9: =엔지니어노임!Q10 -> 112962 | J9: =엔지니어노임!Q11 -> 122130 | K9: =엔지니어노임!Q12 -> 108667 | L9: =엔지니어노임!Q13 -> 95462 | M9: =엔지니어노임!Q14 -> 84618
A10: 시간(M/HR)당기본급 | E10: =ROUND(E9/8,0) -> 27605 | F10: =ROUND(F9/8,0) -> 20964 | G10: =ROUND(G9/8,0) -> 19085 | H10: =ROUND(H9/8,0) -> 16028 | I10: =ROUND(I9/8,0) -> 14120 | J10: =ROUND(J9/8,0) -> 15266 | K10: =ROUND(K9/8,0) -> 13583 | L10: =ROUND(L9/8,0) -> 11933 | M10: =ROUND(M9/8,0) -> 10577 | N10: 일급÷8시간
A11: 통상시간급 | E11: =ROUND(E10+(E16/209),0) -> 34861 | F11: =ROUND(F10+(F16/209),0) -> 26474 | G11: =ROUND(G10+(G16/209),0) -> 24101 | H11: =ROUND(H10+(H16/209),0) -> 20241 | I11: =ROUND(I10+(I16/209),0) -> 17831 | J11: =ROUND(J10+(J16/209),0) -> 19279 | K11: =ROUND(K10+(K16/209),0) -> 17153 | L11: =ROUND(L10+(L16/209),0) -> 15069 | M11: =ROUND(M10+(M16/209),0) -> 13357 | N11: 시간급+(상여금÷209시간)
A12: 인건비 | B12: 기본급 | E12: =ROUND(E9*E7,0) -> 4549366 | F12: =ROUND(F9*F7,0) -> 3454847 | G12: =ROUND(G9*G7,0) -> 3145126 | H12: =ROUND(H9*H7,0) -> 2641456 | I12: =ROUND(I9*I7,0) -> 2327017 | J12: =ROUND(J9*J7,0) -> 2515878 | K12: =ROUND(K9*K7,0) -> 2238540 | L12: =ROUND(L9*L7,0) -> 1966517 | M12: =ROUND(M9*M7,0) -> 1743131 | N12: 일급×20.6일
B13: 제수당 | C13: 연차수당 | E13: =TRUNC((E11*8)*15/12,0) -> 348610 | F13: =TRUNC((F11*8)*15/12,0) -> 264740 | G13: =TRUNC((G11*8)*15/12,0) -> 241010 | H13: =TRUNC((H11*8)*15/12,0) -> 202410 | I13: =TRUNC((I11*8)*15/12,0) -> 178310 | J13: =TRUNC((J11*8)*15/12,0) -> 192790 | K13: =TRUNC((K11*8)*15/12,0) -> 171530 | L13: =TRUNC((L11*8)*15/12,0) -> 150690 | M13: =TRUNC((M11*8)*15/12,0) -> 133570 | N13: (통상시간급×8시간)×15일/년÷12개월
C14: 주휴수당 | E14: =TRUNC((E11*8)*52/12,0) -> 1208514 | F14: =TRUNC((F11*8)*52/12,0) -> 917765 | G14: =TRUNC((G11*8)*52/12,0) -> 835501 | H14: =TRUNC((H11*8)*52/12,0) -> 701688 | I14: =TRUNC((I11*8)*52/12,0) -> 618141 | J14: =TRUNC((J11*8)*52/12,0) -> 668338 | K14: =TRUNC((K11*8)*52/12,0) -> 594637 | L14: =TRUNC((L11*8)*52/12,0) -> 522392 | M14: =TRUNC((M11*8)*52/12,0) -> 463042
C15: 소 계 | E15: =SUM(E13:E14) -> 1557124 | F15: =SUM(F13:F14) -> 1182505 | G15: =SUM(G13:G14) -> 1076511 | H15: =SUM(H13:H14) -> 904098 | I15: =SUM(I13:I14) -> 796451 | J15: =SUM(J13:J14) -> 861128 | K15: =SUM(K13:K14) -> 766167 | L15: =SUM(L13:L14) -> 673082 | M15: =SUM(M13:M14) -> 596612
B16: 상여금 | E16: =ROUND(E12*400%/12,0) -> 1516455 | F16: =ROUND(F12*400%/12,0) -> 1151616 | G16: =ROUND(G12*400%/12,0) -> 1048375 | H16: =ROUND(H12*400%/12,0) -> 880485 | I16: =ROUND(I12*400%/12,0) -> 775672 | J16: =ROUND(J12*400%/12,0) -> 838626 | K16: =ROUND(K12*400%/12,0) -> 746180 | L16: =ROUND(L12*400%/12,0) -> 655506 | M16: =ROUND(M12*400%/12,0) -> 581044 | N16: 기본급×400%÷12개월
B17: 퇴직급여 | E17: =ROUND((E12+E15+E16)/12,0) -> 635245 | F17: =ROUND((F12+F15+F16)/12,0) -> 482414 | G17: =ROUND((G12+G15+G16)/12,0) -> 439168 | H17: =ROUND((H12+H15+H16)/12,0) -> 368837 | I17: =ROUND((I12+I15+I16)/12,0) -> 324928 | J17: =ROUND((J12+J15+J16)/12,0) -> 351303 | K17: =ROUND((K12+K15+K16)/12,0) -> 312574 | L17: =ROUND((L12+L15+L16)/12,0) -> 274592 | M17: =ROUND((M12+M15+M16)/12,0) -> 243399 | N17: (기본급+제수당+상여금)÷12
B18: 계 | E18: =SUM(E12,E15,E16,E17) -> 8258190 | F18: =SUM(F12,F15,F16,F17) -> 6271382 | G18: =SUM(G12,G15,G16,G17) -> 5709180 | H18: =SUM(H12,H15,H16,H17) -> 4794876 | I18: =SUM(I12,I15,I16,I17) -> 4224068 | J18: =SUM(J12,J15,J16,J17) -> 4566935 | K18: =SUM(K12,K15,K16,K17) -> 4063461 | L18: =SUM(L12,L15,L16,L17) -> 3569697 | M18: =SUM(M12,M15,M16,M17) -> 3164186
A19: 인적보험료 | B19: 산재보험료 | D19: =보험료산정기준!I7/100 -> 0.009 | E19: =ROUND(((E$12+E$15+E$16)*$D19),0) -> 68607 | F19: =ROUND(((F$12+F$15+F$16)*$D19),0) -> 52101 | G19: =ROUND(((G$12+G$15+G$16)*$D19),0) -> 47430 | H19: =ROUND(((H$12+H$15+H$16)*$D19),0) -> 39834 | I19: =ROUND(((I$12+I$15+I$16)*$D19),0) -> 35092 | J19: =ROUND(((J$12+J$15+J$16)*$D19),0) -> 37941 | K19: =ROUND(((K$12+K$15+K$16)*$D19),0) -> 33758 | L19: =ROUND(((L$12+L$15+L$16)*$D19),0) -> 29656 | M19: =ROUND(((M$12+M$15+M$16)*$D19),0) -> 26287 | N19: (기본급+제수당+상여금)×0.9% (단수조정)
B20: 국민연금 | D20: =보험료산정기준!I8/100 -> 0.045 | E20: =ROUND(SUM(E$18*$D20),0) -> 371619 | F20: =ROUND(SUM(F$18*$D20),0) -> 282212 | G20: =ROUND(SUM(G$18*$D20),0) -> 256913 | H20: =ROUND(SUM(H$18*$D20),0) -> 215769 | I20: =ROUND(SUM(I$18*$D20),0) -> 190083 | J20: =ROUND(SUM(J$18*$D20),0) -> 205512 | K20: =ROUND(SUM(K$18*$D20),0) -> 182856 | L20: =ROUND(SUM(L$18*$D20),0) -> 160636 | M20: =ROUND(SUM(M$18*$D20),0) -> 142388 | N20: (기본급+제수당+상여금)×4.5%
B21: 고용보험료 | D21: =보험료산정기준!I9/100 -> 0.0115 | E21: =ROUND(SUM(E$18*$D21),0) -> 94969 | F21: =ROUND(SUM(F$18*$D21),0) -> 72121 | G21: =ROUND(SUM(G$18*$D21),0) -> 65656 | H21: =ROUND(SUM(H$18*$D21),0) -> 55141 | I21: =ROUND(SUM(I$18*$D21),0) -> 48577 | J21: =ROUND(SUM(J$18*$D21),0) -> 52520 | K21: =ROUND(SUM(K$18*$D21),0) -> 46730 | L21: =ROUND(SUM(L$18*$D21),0) -> 41052 | M21: =ROUND(SUM(M$18*$D21),0) -> 36388 | N21: (기본급+제수당+상여금)×1.15%
B22: 국민건강보험료 | D22: =보험료산정기준!I10/100 -> 0.03545 | E22: =ROUND(SUM(E$18*$D22),0) -> 292753 | F22: =ROUND(SUM(F$18*$D22),0) -> 222320 | G22: =ROUND(SUM(G$18*$D22),0) -> 202390 | H22: =ROUND(SUM(H$18*$D22),0) -> 169978 | I22: =ROUND(SUM(I$18*$D22),0) -> 149743 | J22: =ROUND(SUM(J$18*$D22),0) -> 161898 | K22: =ROUND(SUM(K$18*$D22),0) -> 144050 | L22: =ROUND(SUM(L$18*$D22),0) -> 126546 | M22: =ROUND(SUM(M$18*$D22),0) -> 112170 | N22: (기본급+제수당+상여금)×3.545%
B23: 노인장기요양보험료 | D23: =보험료산정기준!I11/100 -> 0.1281 | E23: =ROUND(SUM(E$22*$D23),0) -> 37502 | F23: =ROUND(SUM(F$22*$D23),0) -> 28479 | G23: =ROUND(SUM(G$22*$D23),0) -> 25926 | H23: =ROUND(SUM(H$22*$D23),0) -> 21774 | I23: =ROUND(SUM(I$22*$D23),0) -> 19182 | J23: =ROUND(SUM(J$22*$D23),0) -> 20739 | K23: =ROUND(SUM(K$22*$D23),0) -> 18453 | L23: =ROUND(SUM(L$22*$D23),0) -> 16211 | M23: =ROUND(SUM(M$22*$D23),0) -> 14369 | N23: 산출건강보험료 × 12.81%
B24: 임금채권보장보험료 | D24: =보험료산정기준!I12/100 -> 0.0006 | E24: =ROUND(SUM(E$18*$D24),0) -> 4955 | F24: =ROUND(SUM(F$18*$D24),0) -> 3763 | G24: =ROUND(SUM(G$18*$D24),0) -> 3426 | H24: =ROUND(SUM(H$18*$D24),0) -> 2877 | I24: =ROUND(SUM(I$18*$D24),0) -> 2534 | J24: =ROUND(SUM(J$18*$D24),0) -> 2740 | K24: =ROUND(SUM(K$18*$D24),0) -> 2438 | L24: =ROUND(SUM(L$18*$D24),0) -> 2142 | M24: =ROUND(SUM(M$18*$D24),0) -> 1899 | N24: (기본급+제수당+상여금)×0.06%
B25: 석면피해구제분담금 | D25: =보험료산정기준!I13/100 -> 4e-05 | E25: =ROUND(SUM(E$18*$D25),0) -> 330 | F25: =ROUND(SUM(F$18*$D25),0) -> 251 | G25: =ROUND(SUM(G$18*$D25),0) -> 228 | H25: =ROUND(SUM(H$18*$D25),0) -> 192 | I25: =ROUND(SUM(I$18*$D25),0) -> 169 | J25: =ROUND(SUM(J$18*$D25),0) -> 183 | K25: =ROUND(SUM(K$18*$D25),0) -> 163 | L25: =ROUND(SUM(L$18*$D25),0) -> 143 | M25: =ROUND(SUM(M$18*$D25),0) -> 127 | N25: (기본급+제수당+상여금)×0.004%
B26: 계 | E26: =SUM(E19:E25) -> 870735 | F26: =SUM(F19:F25) -> 661247 | G26: =SUM(G19:G25) -> 601969 | H26: =SUM(H19:H25) -> 505565 | I26: =SUM(I19:I25) -> 445380 | J26: =SUM(J19:J25) -> 481533 | K26: =SUM(K19:K25) -> 428448 | L26: =SUM(L19:L25) -> 376386 | M26: =SUM(M19:M25) -> 333628
A27: 합 계 | E27: =SUM(E18,E26) -> 9128925 | F27: =SUM(F18,F26) -> 6932629 | G27: =SUM(G18,G26) -> 6311149 | H27: =SUM(H18,H26) -> 5300441 | I27: =SUM(I18,I26) -> 4669448 | J27: =SUM(J18,J26) -> 5048468 | K27: =SUM(K18,K26) -> 4491909 | L27: =SUM(L18,L26) -> 3946083 | M27: =SUM(M18,M26) -> 3497814
A28: 주) 엔지니어링 기술자 등급별 일 노임단가(한국엔지니어링협회 정책연구실-377호, 2022.12.12발표, 2023.01.01 시행)

Sheet 인건비산정기준
A1: ="[ 표 : "&I1&" ] " -> [ 표 : 10 ] | I1: =기본급추정!O1+1 -> 10
A2: 인건비산정기준 및 관련법규
A4: 비 목 | E4: 관 련 법 규 | F4: 산 정 기 준 | G4: 적 용 방 법 | H4: 비 고
A6: 기 본 급 | E6: 엔지니어링사업대가의 기준 (산업통상자원부 고시 제2021-137호, 2021.7.29.) | F6: 엔지니어링 기술자 등급별 일 노임단가(한국엔지니어링협회, 2023.01.01 시행) | G6: ="추정 일일기본급×월평균근무일수" -> 추정 일일기본급×월평균근무일수
A7: 제수당 | C7: 년차수당 | E7: 근로기준법 제60조 | F7: (연차유급휴가) 사용자는 1년간 80퍼센트이상 출근한 근로자에 대하여는 15일의 유급휴가를 주어야 한다. | G7: 통상일급×15일/년÷12개월
C8: 연장/야간/휴일 근로수당 | E8: 근로기준법 제56조 | F8: 연장/야간/휴일근로에 대하여 통상임금의 100분의 50이상을 가산하여 지급하여야 한다. | G8: 통상일급×연장/야간/휴일근로 일수×할증율
A9: 상 여 금 | E9: 예정가격 작성요령 제4관 4.인건비 | F9: ="예정가격 작성요령에 의거 상여금은 기준단가의 연 400%를 계상할 수 있으므로, 본 용역에서는 연 "&단위당인건비!I5*100&"%를 적용하였다." -> 예정가격 작성요령에 의거 상여금은 기준단가의 연 400%를 계상할 수 있으므로, 본 용역에서는 연 400%를 적용하였다. | G9: ="기본급×"&단위당인건비!I5*100&"%" -> 기본급×400%
A10: 퇴직급여충당금 | E10: 근로자퇴직급여 보장법 제8조 | F10: (퇴직금제도) 퇴직금제도를 설정하고자 하는 사용자는 계속근로 기간 1년에 대하여 30일분 이상의 평균임금을 퇴직금으로 퇴직 하는 근로자에게 지급할 수 있는 제도를 설정하여야 한다. | G10: (기본급+제수당+상여금)÷12개월

Sheet 일급분개
A3: 엔지니어링기술자(주간) 등급별 일급(분개)단가
M5: (단위 : 원)
A7: 비목 | C7: 금액 | D7: 산출기초
A8: 기술사 | C8: ='[37]표2-4'!C8 -> 424902
A9: 통상임금(시간급) | C9: =ROUNDDOWN((C10+C12+C14)/209,-1) -> 33600 | E9: * 통상임금 : (기본급+주휴수당+상여금)÷209시간 | N9: 209시간≒208.56 | P9: =48*4.345 -> 208.56 | Q9: 1주:48시간=주근무시간(40시간)+주휴시간(8시간) | V9: 1주=52주/12개월
A10: 1. 기본급 | C10: =ROUNDDOWN(E10*H10,-1) -> 4549360 | E10: 220843 | F10: 원 | G10: Ｘ | H10: 20.6 | I10: 일 | Q10: 근로기준법55조(휴일)
A11: 2. 제수당 | C11: =+C12+C13 -> 1292980
A12: ㄱ.주휴수당 | C12: =ROUNDDOWN(E12*H12/K12,-1) -> 956980 | E12: =E10 -> 220843 | F12: 원 | G12: Ｘ | H12: 52 | I12: 일 | J12: ÷ | K12: 12 | L12: 개월 | N12: 1월=4.35주=365일/7일/12개월 | P12: =365/7/12 -> 4.3452381 | Q12: 근로기준법55조(휴일) / 시행령30조(휴일)
A13: ㄴ.연차수당 | C13: =ROUNDDOWN(E13*H13/K13,-1) -> 336000 | E13: =C9*8 -> 268800 | F13: 원 | G13: Ｘ | H13: 15 | I13: 일 | J13: ÷ | K13: 12 | L13: 개월 | Q13: 근로기준법60조(연차유급휴가)
A14: 3. 상여금 | C14: =ROUNDDOWN(E14*H14%/K14,-1) -> 1516450 | E14: =C10 -> 4549360 | F14: 원 | G14: Ｘ | H14: 400 | I14: % | J14: ÷ | K14: 12 | L14: 개월
A15: 4. 퇴직급여충당금 | C15: =ROUNDDOWN((C10+C11+C14)/12,-1) -> 613230 | E15: (기본급+제수당+상여금) ÷ 12개월
A16: 소계 | C16: =+C10+C11+C14+C15 -> 7972020 | S16: 2023 | U16: 2018 | V16: 2019
A17: 국민연금 | C17: =ROUNDDOWN(E17*H17%,-1) -> 331140 | E17: =+C16-C15 -> 7358790 | F17: 원 | G17: Ｘ | H17: 4.5 | I17: % | S17: 4.5 | U17: 4.5 | V17: 4.5
A18: 건강보험 | C18: =ROUNDDOWN(E18*H18%,-1) -> 260860 | E18: =E17 -> 7358790 | F18: 원 | G18: Ｘ | H18: 3.545 | I18: % | S18: 3.545 | U18: 3.06 | V18: 3.12
A19: 산재보험 | C19: =ROUNDDOWN(E19*H19%,-1) -> 66220 | E19: =E17 -> 7358790 | F19: 원 | G19: Ｘ | H19: =(8/1000+1/1000)*100 -> 0.9 | I19: % | S19: =(8/1000+1/1000)*100 -> 0.9 | U19: 3.1 | V19: 3.15
A20: 고용보험 | C20: =ROUNDDOWN(E20*H20%,-1) -> 84620 | E20: =E17 -> 7358790 | F20: 원 | G20: Ｘ | H20: =(0.9+0.25) -> 1.15 | I20: % | N20: 고용안정사업 및 직업능력개발사업 (150인 미만기업 적용) | S20: =(0.9+0.25) -> 1.15 | U20: 0.9 | V20: 0.9
A21: 장기요양보험 | C21: =ROUNDDOWN(E21*H21%,-1) -> 33410 | E21: =C18 -> 260860 | F21: 원 | G21: Ｘ | H21: =(0.9082/7.09)*100 -> 12.809591 | I21: % | S21: =(0.9082/7.09)*100 -> 12.809591 | U21: 6.55 | V21: 7.38
A22: 임금채권보장 부담금 | C22: =ROUNDDOWN(E22*H22%,-1) -> 4410 | E22: =E17 -> 7358790 | F22: 원 | G22: Ｘ | H22: =(0.6/1000)*100 -> 0.06 | I22: % | S22: =(0.6/1000)*100 -> 0.06 | U22: =(0.6/1000)*100 -> 0.06 | V22: =(0.6/1000)*100 -> 0.06
A23: 석면피해구제 분담금 | C23: =ROUNDDOWN(E23*H23%,-1) -> 290 | E23: =E17 -> 7358790 | F23: 원 | G23: Ｘ | H23: =(4/100000)*100 -> 0.004 | I23: % | S23: =(4/100000)*100 -> 0.004 | U23: 0 | V23: 0
A24: 보험료 계 | C24: =+C17+C18+C19+C20+C21+C22+C23 -> 780950
A25: 월계 | C25: =+C16+C24 -> 8752970 | N25: =C26*H10 -> 8752981.2 | O25: =C25-N25 -> -11.2
A26: 일 단가 | C26: =C8 -> 424902
H28: (단위 : 원)
A29: 비목 | C29: 금액 | D29: 산출기초
A30: 특급기술자 | C30: =엔지니어노임!H8 -> 322680 | N30: 기본급 만 수정
A31: 통상임금(시간급) | C31: =TRUNC((C32+C34+C36)/209,0) -> 25517 | E31: * 통상임금 : (기본급+주휴수당+상여금)÷209시간
A32: 1. 기본급 | C32: =TRUNC(E32*H32,0) -> 3454846 | E32: 167711 | F32: 원 | G32: Ｘ | H32: 20.6 | I32: 일
A33: 2. 제수당 | C33: =TRUNC(C34+C35,0) -> 981917
A34: ㄱ.주휴수당 | C34: =TRUNC(E34*H34/K34,0) -> 726747 | E34: =E32 -> 167711 | F34: 원 | G34: Ｘ | H34: 52 | I34: 일 | J34: ÷ | K34: 12 | L34: 개월
A35: ㄴ.연차수당 | C35: =TRUNC(E35*H35/K35,0) -> 255170 | E35: =C31*8 -> 204136 | F35: 원 | G35: Ｘ | H35: 15 | I35: 일 | J35: ÷ | K35: 12 | L35: 개월
A36: 3. 상여금 | C36: =TRUNC(E36*H36%/K36,0) -> 1151615 | E36: =C32 -> 3454846 | F36: 원 | G36: Ｘ | H36: 400 | I36: % | J36: ÷ | K36: 12 | L36: 개월
A37: 4. 퇴직급여충당금 | C37: =TRUNC((C32+C33+C36)/12,0) -> 465698 | E37: (기본급+제수당+상여금) ÷ 12개월
A38: 소계 | C38: =+C32+C33+C36+C37 -> 6054076 | N38: 인적보험료 | O38: =C38 -> 6054076 | P38: - | Q38: =C37 -> 465698 | R38: = | S38: =O38-Q38 -> 5588378 | T38: * | U38: 12개월 | V38: = | W38: =S38*12 -> 67060536
A39: 국민연금 | C39: =TRUNC(E39*H39%,0) -> 251477 | E39: =+C38-C37 -> 5588378 | F39: 원 | G39: Ｘ | H39: =보험료산정기준!$I$8 -> 4.5 | I39: % | N39: =C38*12 -> 72648912
A40: 건강보험 | C40: =TRUNC(E40*H40%,0) -> 198108 | E40: =E39 -> 5588378 | F40: 원 | G40: Ｘ | H40: =보험료산정기준!$I$10 -> 3.545 | I40: %
A41: 산재보험 | C41: =TRUNC(E41*H41%,0) -> 50295 | E41: =E39 -> 5588378 | F41: 원 | G41: Ｘ | H41: =보험료산정기준!$I$7 -> 0.9 | I41: %
A42: 고용보험 | C42: =TRUNC(E42*H42%,0) -> 64266 | E42: =E39 -> 5588378 | F42: 원 | G42: Ｘ | H42: =보험료산정기준!$I$9 -> 1.15 | I42: %
A43: 장기요양보험 | C43: =TRUNC(E43*H43%,0) -> 25377 | E43: =C40 -> 198108 | F43: 원 | G43: Ｘ | H43: =보험료산정기준!$I$11 -> 12.81 | I43: % | N43: 장기요양보험료 | O43: =E43 -> 198108 | P43: * | Q43: 12개월 | R43: = | S43: =O43*12 -> 2377296
A44: 임금채권보장 부담금 | C44: =TRUNC(E44*H44%,0) -> 3353 | E44: =E39 -> 5588378 | F44: 원 | G44: Ｘ | H44: =보험료산정기준!$I$12 -> 0.06 | I44: %
A45: 석면피해구제 분담금 | C45: =TRUNC(E45*H45%,0) -> 223 | E45: =E39 -> 5588378 | F45: 원 | G45: Ｘ | H45: =보험료산정기준!$I$13 -> 0.004 | I45: %
A46: 보험료 계 | C46: =+C39+C40+C41+C42+C43+C44+C45 -> 593099
A47: 월계 | C47: =+C38+C46 -> 6647175 | N47: =C48*H32 -> 6647208 | O47: =C47-N47 -> -33
A48: 일 단가 | C48: =C30 -> 322680
M52: (단위 : 원)
A54: 비목 | C54: 금액 | D54: 산출기초
A55: 고급기술자 | C55: =엔지니어노임!H9 -> 293753
A56: 통상임금(시간급) | C56: =TRUNC((C57+C59+C61)/209,0) -> 23230 | E56: * 통상임금 : (기본급+주휴수당+상여금)÷209시간
A57: 1. 기본급 | C57: =TRUNC(E57*H57,0) -> 3145125 | E57: 152676 | F57: 원 | G57: Ｘ | H57: 20.6 | I57: 일
A58: 2. 제수당 | C58: =TRUNC(C59+C60,0) -> 893896
A59: ㄱ.주휴수당 | C59: =TRUNC(E59*H59/K59,0) -> 661596 | E59: =E57 -> 152676 | F59: 원 | G59: Ｘ | H59: 52 | I59: 일 | J59: ÷ | K59: 12 | L59: 개월
A60: ㄴ.연차수당 | C60: =TRUNC(E60*H60/K60,0) -> 232300 | E60: =C56*8 -> 185840 | F60: 원 | G60: Ｘ | H60: 15 | I60: 일 | J60: ÷ | K60: 12 | L60: 개월
A61: 3. 상여금 | C61: =TRUNC(E61*H61%/K61,0) -> 1048375 | E61: =C57 -> 3145125 | F61: 원 | G61: Ｘ | H61: 400 | I61: % | J61: ÷ | K61: 12 | L61: 개월
A62: 4. 퇴직급여충당금 | C62: =TRUNC((C57+C58+C61)/12,0) -> 423949 | E62: (기본급+제수당+상여금) ÷ 12개월
A63: 소계 | C63: =+C57+C58+C61+C62 -> 5511345 | N63: 인적보험료 | O63: =C63 -> 5511345 | P63: - | Q63: =C62 -> 423949 | R63: = | S63: =O63-Q63 -> 5087396 | T63: * | U63: 12개월 | V63: = | W63: =S63*12 -> 61048752
A64: 국민연금 | C64: =TRUNC(E64*H64%,0) -> 228932 | E64: =+C63-C62 -> 5087396 | F64: 원 | G64: Ｘ | H64: =보험료산정기준!$I$8 -> 4.5 | I64: % | N64: =C63*12 -> 66136140
A65: 건강보험 | C65: =TRUNC(E65*H65%,0) -> 180348 | E65: =E64 -> 5087396 | F65: 원 | G65: Ｘ | H65: =보험료산정기준!$I$10 -> 3.545 | I65: %
A66: 산재보험 | C66: =TRUNC(E66*H66%,0) -> 45786 | E66: =E64 -> 5087396 | F66: 원 | G66: Ｘ | H66: =보험료산정기준!$I$7 -> 0.9 | I66: %
A67: 고용보험 | C67: =TRUNC(E67*H67%,0) -> 58505 | E67: =E64 -> 5087396 | F67: 원 | G67: Ｘ | H67: =보험료산정기준!$I$9 -> 1.15 | I67: %
A68: 장기요양보험 | C68: =TRUNC(E68*H68%,0) -> 23102 | E68: =C65 -> 180348 | F68: 원 | G68: Ｘ | H68: =보험료산정기준!$I$11 -> 12.81 | I68: % | N68: 장기요양보험료 | O68: =E68 -> 180348 | P68: * | Q68: 12개월 | R68: = | S68: =O68*12 -> 2164176
A69: 임금채권보장 부담금 | C69: =TRUNC(E69*H69%,0) -> 3052 | E69: =E64 -> 5087396 | F69: 원 | G69: Ｘ | H69: =보험료산정기준!$I$12 -> 0.06 | I69: %
A70: 석면피해구제 분담금 | C70: =TRUNC(E70*H70%,0) -> 203 | E70: =E64 -> 5087396 | F70: 원 | G70: Ｘ | H70: =보험료산정기준!$I$13 -> 0.004 | I70: %
A71: 보험료 계 | C71: =+C64+C65+C66+C67+C68+C69+C70 -> 539928
A72: 월계 | C72: =+C63+C71 -> 6051273 | N72: =C73*H57 -> 6051311.8 | O72: =C72-N72 -> -38.8
A73: 일 단가 | C73: =C55 -> 293753
M75: (단위 : 원)
A77: 비목 | C77: 금액 | D77: 산출기초
A78: 중급기술자 | C78: =엔지니어노임!H10 -> 246709
A79: 통상임금(시간급) | C79: =TRUNC((C80+C82+C84)/209,0) -> 19509 | E79: * 통상임금 : (기본급+주휴수당+상여금)÷209시간
A80: 1. 기본급 | C80: =TRUNC(E80*H80,0) -> 2641455 | E80: 128226 | F80: 원 | G80: Ｘ | H80: 20.6 | I80: 일
A81: 2. 제수당 | C81: =TRUNC(C82+C83,0) -> 750736
A82: ㄱ.주휴수당 | C82: =TRUNC(E82*H82/K82,0) -> 555646 | E82: =E80 -> 128226 | F82: 원 | G82: Ｘ | H82: 52 | I82: 일 | J82: ÷ | K82: 12 | L82: 개월
A83: ㄴ.연차수당 | C83: =TRUNC(E83*H83/K83,0) -> 195090 | E83: =C79*8 -> 156072 | F83: 원 | G83: Ｘ | H83: 15 | I83: 일 | J83: ÷ | K83: 12 | L83: 개월
A84: 3. 상여금 | C84: =TRUNC(E84*H84%/K84,0) -> 880485 | E84: =C80 -> 2641455 | F84: 원 | G84: Ｘ | H84: 400 | I84: % | J84: ÷ | K84: 12 | L84: 개월
A85: 4. 퇴직급여충당금 | C85: =TRUNC((C80+C81+C84)/12,0) -> 356056 | E85: (기본급+제수당+상여금) ÷ 12개월
A86: 소계 | C86: =+C80+C81+C84+C85 -> 4628732 | N86: 인적보험료 | O86: =C86 -> 4628732 | P86: - | Q86: =C85 -> 356056 | R86: = | S86: =O86-Q86 -> 4272676 | T86: * | U86: 12개월 | V86: = | W86: =S86*12 -> 51272112
A87: 국민연금 | C87: =TRUNC(E87*H87%,0) -> 192270 | E87: =+C86-C85 -> 4272676 | F87: 원 | G87: Ｘ | H87: =보험료산정기준!$I$8 -> 4.5 | I87: % | N87: =C86*12 -> 55544784
A88: 건강보험 | C88: =TRUNC(E88*H88%,0) -> 151466 | E88: =E87 -> 4272676 | F88: 원 | G88: Ｘ | H88: =보험료산정기준!$I$10 -> 3.545 | I88: %
A89: 산재보험 | C89: =TRUNC(E89*H89%,0) -> 38454 | E89: =E87 -> 4272676 | F89: 원 | G89: Ｘ | H89: =보험료산정기준!$I$7 -> 0.9 | I89: %
A90: 고용보험 | C90: =TRUNC(E90*H90%,0) -> 49135 | E90: =E87 -> 4272676 | F90: 원 | G90: Ｘ | H90: =보험료산정기준!$I$9 -> 1.15 | I90: %
A91: 장기요양보험 | C91: =TRUNC(E91*H91%,0) -> 19402 | E91: =C88 -> 151466 | F91: 원 | G91: Ｘ | H91: =보험료산정기준!$I$11 -> 12.81 | I91: % | N91: 장기요양보험료 | O91: =E91 -> 151466 | P91: * | Q91: 12개월 | R91: = | S91: =O91*12 -> 1817592
A92: 임금채권보장 부담금 | C92: =TRUNC(E92*H92%,0) -> 2563 | E92: =E87 -> 4272676 | F92: 원 | G92: Ｘ | H92: =보험료산정기준!$I$12 -> 0.06 | I92: %
A93: 석면피해구제 분담금 | C93: =TRUNC(E93*H93%,0) -> 170 | E93: =E87 -> 4272676 | F93: 원 | G93: Ｘ | H93: =보험료산정기준!$I$13 -> 0.004 | I93: %
A94: 보험료 계 | C94: =+C87+C88+C89+C90+C91+C92+C93 -> 453460
A95: 월계 | C95: =+C86+C94 -> 5082192 | N95: =C96*H80 -> 5082205.4 | O95: =C95-N95 -> -13.4
A96: 일 단가 | C96: =C78 -> 246709
M101: (단위 : 원)
A103: 비목 | C103: 금액 | D103: 산출기초
A104: 초급기술자 | C104: =엔지니어노임!H11 -> 217342
A105: 통상임금(시간급) | C105: =TRUNC((C106+C108+C110)/209,0) -> 17187 | E105: * 통상임금 : (기본급+주휴수당+상여금)÷209시간
A106: 1. 기본급 | C106: =TRUNC(E106*H106,0) -> 2327017 | E106: 112962 | F106: 원 | G106: Ｘ | H106: 20.6 | I106: 일
A107: 2. 제수당 | C107: =TRUNC(C108+C109,0) -> 661372
A108: ㄱ.주휴수당 | C108: =TRUNC(E108*H108/K108,0) -> 489502 | E108: =E106 -> 112962 | F108: 원 | G108: Ｘ | H108: 52 | I108: 일 | J108: ÷ | K108: 12 | L108: 개월
A109: ㄴ.연차수당 | C109: =TRUNC(E109*H109/K109,0) -> 171870 | E109: =C105*8 -> 137496 | F109: 원 | G109: Ｘ | H109: 15 | I109: 일 | J109: ÷ | K109: 12 | L109: 개월
A110: 3. 상여금 | C110: =TRUNC(E110*H110%/K110,0) -> 775672 | E110: =C106 -> 2327017 | F110: 원 | G110: Ｘ | H110: 400 | I110: % | J110: ÷ | K110: 12 | L110: 개월
A111: 4. 퇴직급여충당금 | C111: =TRUNC((C106+C107+C110)/12,0) -> 313671 | E111: (기본급+제수당+상여금) ÷ 12개월
A112: 소계 | C112: =+C106+C107+C110+C111 -> 4077732 | N112: 인적보험료 | O112: =C112 -> 4077732 | P112: - | Q112: =C111 -> 313671 | R112: = | S112: =O112-Q112 -> 3764061 | T112: * | U112: 12개월 | V112: = | W112: =S112*12 -> 45168732
A113: 국민연금 | C113: =TRUNC(E113*H113%,0) -> 169382 | E113: =+C112-C111 -> 3764061 | F113: 원 | G113: Ｘ | H113: =보험료산정기준!$I$8 -> 4.5 | I113: % | N113: =C112*12 -> 48932784
A114: 건강보험 | C114: =TRUNC(E114*H114%,0) -> 133435 | E114: =E113 -> 3764061 | F114: 원 | G114: Ｘ | H114: =보험료산정기준!$I$10 -> 3.545 | I114: %
A115: 산재보험 | C115: =TRUNC(E115*H115%,0) -> 33876 | E115: =E113 -> 3764061 | F115: 원 | G115: Ｘ | H115: =보험료산정기준!$I$7 -> 0.9 | I115: %
A116: 고용보험 | C116: =TRUNC(E116*H116%,0) -> 43286 | E116: =E113 -> 3764061 | F116: 원 | G116: Ｘ | H116: =보험료산정기준!$I$9 -> 1.15 | I116: %
...

Sheet 보험료산정기준
A1: ="[ 표 : "&I1&" ] " -> [ 표 : 11 ] | I1: 11
A2: 보험료산정기준표
A5: 비 목 | E5: 관 련 법 규 | F5: 산 정 기 준 | G5: 적 용 방 법 | H5: 비 고
A7: 보 험 료 | C7: 산재보험료 | E7: 고용보험및산업재해보상보험의 보험료징수 등에관한법률 제14조 3항,4항 | F7: 고용노동부 고시 제2022-82호(2022년 12월 29일) | G7: ="(기본급+제수당+상여금)×"&I7&"%" -> (기본급+제수당+상여금)×0.9% | I7: =산재비율!D18/1000*100+0.1 -> 0.9
C8: 국민연금 | E8: 국민연금법 제88조 3항 | F8: 사업장가입자의 연금보험료 중 기여금은 사업장가입자 본인이, 부담금은 사용자가 부담하되, 그 금액은 각각 기준 소득월액의 1천분의 45에 해당하는 금액으로 한다. | G8: ="(기본급+제수당+상여금)×"&I8&"%" -> (기본급+제수당+상여금)×4.5% | I8: 4.5
C9: 고용보험료 | E9: 고용보험 및 산업재해보상보험의 보험료징수등에 관한 법률 제14조 1항, 시행령 제12조 | F9: 시행령 제12조 법 제14조1항의 규정에 의한 고용보험료율은 다음 각호와 같다. 1. 고용안정. 직업능력개발사업의 보험료율은 다음 각 목의 구분에 따른 보험료율 가. 상시근로자수가 150명 미만인 사업주의 사업: 1만분의 25 나. 상시근로자수가 150명 이상인 사업주의 사업으로서 「고용보험법 시행령」 제12조에 따른 우선지원 대상기업의 범위에 해당하는 사업: 1만분의 45 다. 상시근로자수가 150명 이상 1천명 미만인 사업주의 사업으로서 나목에 해당하지 않는 사업: 1만분의 65 라. 상시근로자수가 1천명 이상인 사업주의 사업으로서 나목에 해당하지 않는 사업 및 국가·지방자치단체가 직접 하는 사업: 1만분의 85 2. 실업급여의 보험율 : 1천분의 18(사업주 부담 0.9%) * 산출식 : 0.25%(고용안정.직업능력개발사업요율)+0.9%(실업급여의 보험율) | G9: ="(기본급+제수당+상여금)×"&I9&"%" -> (기본급+제수당+상여금)×1.15% | I9: 1.15
C10: 국민건강보험료 | E10: 국민건강보험법 제73조, 시행령 제44조 1항 | F10: (보헙료의 납부의무) 직장가입자의 보험료는 다음 각 호의 구분에 따라 그 각 호에서 정한 자가 납부한다. 1. 보수월액보험료: 사용자. 이 경우 사업장의 사용자가 2명 이상인 때에는 그 사업장의 사용자는 해당 직장가입자의 보험료를 연대하여 납부한다. 2. 소득월액보험료: 직장가입자 국민건강보험법 시행령 제44조에 의한 보험요율의 표준보수월액의7.09%(사용자부담 50%,근로자부담 50%) | G10: ="(기본급+제수당+상여금)×"&I10&"%" -> (기본급+제수당+상여금)×3.545% | I10: =TRUNC(7.09/2,3) -> 3.545
C11: 노인장기요양보험료 | E11: 노인장기요양보험법 제9조 1항, 시행령 제4조 | F11: (장기요양보험료율) 법 제9조제1항에 따른 장기요양보험료율은 100만분의9.082로 한다. | G11: ="산출건강보험료 × "&I11&"%" -> 산출건강보험료 × 12.81% | I11: 12.81
C12: 임금채권보장보험료 | E12: 임금채권보장법 제9조 2항 시행령 제13조 | F12: [시행 2023.1.1.] [고용노동부고시 제2022-94호, 2022.12.30, 일부개정]의 규정에 의하여 임금채권보장기금 사업주부담금비율은 보수총액의 1000분의 0.6(전업종공통) | G12: ="(기본급+제수당+상여금)×"&I12&"%" -> (기본급+제수당+상여금)×0.06% | I12: 0.06
C13: 석면피해구제분담금 | E13: 석면피해구제법 제31조 | F13: ① 환경부장관은 이 법에 따른 구제급여의 지급 등에 드는 재원을 확보하기 위하여 다음 각 호의 자에 대하여 대통령령으로 정하는 바에 따라 석면피해구제분담금(이하 "분담금"이라 한다)을 징수하여 기금에 납입하여야 한다. 1. 2023년도 석면피해구제분담금률 : 10만분의 4[시행 2023.1.1.] [환경부고시 제2022-211호, 2022.10.31] | G13: ="(기본급+제수당+상여금)×"&I13&"%" -> (기본급+제수당+상여금)×0.004% | I13: =4/100000*100 -> 0.004

Sheet 산재비율
A1: 2023년도 사업종류별 산재보험료율 고시
A2: 고용노동부고시 제2022-82호
A3: 44924
A4: 고 용 노 동 부 장 관
A5: [별지]
A6: 1. 2023년도 사업종류별 산재보험료율
A7: (단위: 천분율(‰))
A8: 사 업 종 류 | B8: 요율 | C8: 사 업 종 류 | D8: 요율
A9: 1. 광업 | C9: 4. 건 설 업 | D9: 36
A10: 석탄광업 및 채석업 | B10: 185 | C10: 5. 운수·창고·통신업
A11: 석회석·금속·비금속ㆍ기타광업 | B11: 57 | C11: 철도·항공·창고·운수관련서비스업 | D11: 8
A12: 2. 제조업 | C12: 육상 및 수상운수업 | D12: 18
A13: 식료품 제조업 | B13: 16 | C13: 통신업 | D13: 9
A14: 섬유 및 섬유제품 제조업 | B14: 11 | C14: 6. 임 업 | D14: 58
A15: 목재 및 종이제품 제조업 | B15: 20 | C15: 7. 어 업 | D15: 28
A16: 출판ㆍ인쇄ㆍ제본업 | B16: 10 | C16: 8. 농 업 | D16: 20
A17: 화학 및 고무제품 제조업 | B17: 13 | C17: 9. 기타의 사업
A18: 의약품·화장품·연탄·석유제품 제조업 | B18: 7 | C18: 시설관리 및 사업지원 서비스업 | D18: 8
A19: 기계기구·금속·비금속광물제품 제조업 | B19: 13 | C19: 기타의 각종사업 | D19: 9
A20: 금속제련업 | B20: 10 | C20: 전문·보건·교육·여가관련 서비스업 | D20: 6
A21: 전기기계기구·정밀기구·전자제품 제조업 | B21: 6 | C21: 도소매·음식·숙박업 | D21: 8
A22: 선박건조 및 수리업 | B22: 24 | C22: 부동산 및 임대업 | D22: 7
A23: 수제품 및 기타제품 제조업 | B23: 12 | C23: 국가 및 지방자치단체의 사업 | D23: 9
A24: 3. 전기ㆍ가스ㆍ증기ㆍ수도사업 | B24: 8 | C24: 0. 금융 및 보험업 | D24: 6
C25: * 해외파견자: 14/1,000
A27: 2. 2023년도 통상적인 경로와 방법으로 출퇴근하는 중 발생한 재해에 관한 산재 보험료율: 전 업종 1.0/1,000 동일
A29: * 사업종류의 세목과 내용예시 및 총칙을 규정한 사업종류 예시표는 고용노동부 홈페이지(www.moel.go.kr) 정보공개-법령정보-훈령·예규·고시란과 근로복지공단 홈페이지(www.comwel.or.kr) 가입·납부서비스-보험료 신고 및 납부-보험료율-연도별 산재보험료율표에 게재
A32: 주) 고용노동부고시 제2022-82호(2022.12.29.) : (9.기타의 사업 _ 출퇴근 0.1% + 시설관리 및 사업지원 서비스업 0.8%)

Sheet 투입인원
A1: ="[ 표 : "&H1&" ] " -> [ 표 : 12 ] | H1: =보험료산정기준!I1+1 -> 12
A2: 적용직종 및 근무형태
J4: 하수도시설 운영인력 기술등급 산정기준 적용
A5: 구 분 | B5: 직 책 명 | D5: 적 용 직 종 | F5: 투입 인원 | G5: 비 고 | J5: 기술자 등급 | K5: 분포율(%) | L5: 비 고 | N5: 적용
J6: 기술사·특급기술자 | K6: 0.05 | L6: 엔지니어링기술부문별 | N6: =$F$25*K6 -> 1.25
D7: 주 1) | F7: 주 2) | J7: 고급기술자 | K7: 0.15 | L7: 기술자 노임단가 적용 | N7: =$F$25*K7 -> 3.75
A8: 관리팀 | B8: 관리소장 | D8: 고급기술자 | F8: 1 | G8: 평일 : 주간근무 토/일 : 격주근무 | J8: 중급기술자 | K8: 0.15 | N8: =$F$25*K8 -> 3.75
A9: 관리팀 | B9: 관리팀장 | D9: 고급기술자 | F9: 1 | J9: 고급숙련기술자 | K9: 0.15 | N9: =$F$25*K9 -> 3.75
A10: 관리팀 | B10: 관리팀원 | D10: 초급숙련기술자 | F10: 1
A11: 운영팀 | B11: 전기팀장 | D11: 중급기술자 | F11: 2 | J11: 초급기술자 | K11: 0.15 | N11: =$F$25*K11 -> 3.75
A12: 운영팀 | B12: 기계팀장 | D12: 중급기술자 | F12: 2 | J12: 중급숙련기술자 | K12: 0.15 | N12: =$F$25*K12 -> 3.75
A13: 운영팀 | B13: 전기담당 | D13: 초급기술자 | F13: 2 | J13: 초급숙련기술자 | K13: 0.1 | N13: =$F$25*K13 -> 2.5
A14: 운영팀 | B14: 기계담당 | D14: 초급기술자 | F14: 2 | J14: 기 타 | K14: 0.1 | L14: 정부 노임단가 적용 | N14: =$F$25*K14 -> 2.5
A15: 운영팀 | B15: 전기담당 | D15: 고급숙련기술자 | F15: 1 | K15: =SUM(K6:K14) -> 1 | N15: =SUM(N6:N14) -> 25
A16: 운영팀 | B16: 기계담당 | D16: 고급숙련기술자 | F16: 1
A17: 운영팀 | B17: 전기담당 | D17: 중급숙련기술자 | F17: 2
A18: 운영팀 | B18: 기계담당 | D18: 중급숙련기술자 | F18: 2
A19: 운영팀 | B19: 전기담당 | D19: 초급숙련기술자 | F19: 1
A20: 운영팀 | B20: 기계담당 | D20: 초급숙련기술자 | F20: 1
A21: 환경팀 | B21: 환경팀장 | D21: 초급숙련기술자 | F21: 1
A22: 환경팀 | B22: 환경팀원 | D22: 단순노무종사원 | F22: 2
A23: 운반팀 | B23: 운전원 | D23: 초급숙련기술자 | F23: 1
A24: 운반팀 | B24: 운반팀원 | D24: 단순노무종사원 | F24: 2
A25: 계 | F25: =SUM(F8:F24) -> 25
A26: ="주 1) 적용직종 : 전문업체 운영계획서 및 조직도 참조" -> 주 1) 적용직종 : 전문업체 운영계획서 및 조직도 참조

Sheet 근무일수
A1: ="[ 표 : "&P1&" ] " -> [ 표 : 13 ] | P1: =투입인원!H1+1 -> 13
A2: 용역기간현황표
A4: * 기간 : 2024년 1월 1일 ~ 2024년 12월 31일(12개월)
A5: 구 분 | B5: 2024년 | N5: 계 | O5: 비 고
B6: 1월 | C6: 2월 | D6: 3월 | E6: 4월 | F6: 5월 | G6: 6월 | H6: 7월 | I6: 8월 | J6: 9월 | K6: 10월 | L6: 11월 | M6: 12월
A7: 평일 | B7: 22 | C7: 19 | D7: 20 | E7: 22 | F7: 21 | G7: 19 | H7: 23 | I7: 21 | J7: 18 | K7: 21 | L7: 21 | M7: 21 | N7: =SUM(B7:M7) -> 248
A8: 토요일 | B8: 4 | C8: 4 | D8: 5 | E8: 4 | F8: 4 | G8: 5 | H8: 4 | I8: 5 | J8: 4 | K8: 4 | L8: 5 | M8: 4 | N8: =SUM(B8:M8) -> 52
A9: 일요일 | B9: 4 | C9: 4 | D9: 5 | E9: 4 | F9: 4 | G9: 5 | H9: 4 | I9: 4 | J9: 5 | K9: 4 | L9: 4 | M9: 5 | N9: =SUM(B9:M9) -> 52
A10: 공휴일 및 명절 | B10: 1 | C10: 2 | D10: 1 | E10: 0 | F10: 2 | G10: 1 | H10: 0 | I10: 1 | J10: 3 | K10: 2 | L10: 0 | M10: 1 | N10: =SUM(B10:M10) -> 14 | Q10: 1인당 휴일근로일수 | S10: =N11 -> 66
A11: 소계 | B11: =SUM(B9:B10) -> 5 | C11: =SUM(C9:C10) -> 6 | D11: =SUM(D9:D10) -> 6 | E11: =SUM(E9:E10) -> 4 | F11: =SUM(F9:F10) -> 6 | G11: =SUM(G9:G10) -> 6 | H11: =SUM(H9:H10) -> 4 | I11: =SUM(I9:I10) -> 5 | ... M11: =SUM(M9:M10) -> 6 | N11: =SUM(B11:M11) -> 66 | O11: 일+공휴 | Q11: =ROUND(N11/3/12,1) -> 1.8 | S11: =N12-S10 -> 300
A12: 계 | B12: =SUM(B7:B10) -> 31 | C12: =SUM(C7:C10) -> 29 | D12: =SUM(D7:D10) -> 31 | E12: =SUM(E7:E10) -> 30 | F12: =SUM(F7:F10) -> 31 | G12: =SUM(G7:G10) -> 30 | H12: =SUM(H7:H10) -> 31 | I12: =SUM(I7:I10) -> 31 | ... M12: =SUM(M7:M10) -> 31 | N12: =SUM(B12:M12) -> 366 | S12: =S11*8 -> 2400
A13: 주) 기간 : 제시된 과업지시서 참조

Sheet 2024년 달력 
A1: 2024년 달력
A5: 구 분 | B5: 일 | C5: 월 | D5: 화 | E5: 수 | F5: 목 | G5: 금 | H5: 토 | I5: 근무일수 | M5: 합계 | N5: 비 고
I6: 평일 | J6: 토요일 | K6: 일요일 | L6: 공휴일
A7: 01월 | C7: 1 | D7: 2 | E7: 3 | F7: 4 | G7: 5 | H7: 6 | I7: 22 | J7: 4 | K7: 4 | L7: 1 | M7: =SUM(I7:L11) -> 31 | N7: 01.01 신정
B8: 7 | C8: 8 | D8: 9 | E8: 10 | F8: 11 | G8: 12 | H8: 13
B9: 14 | C9: 15 | D9: 16 | E9: 17 | F9: 18 | G9: 19 | H9: 20
B10: 21 | C10: 22 | D10: 23 | E10: 24 | F10: 25 | G10: 26 | H10: 27
B11: 28 | C11: 29 | D11: 30 | E11: 31
A12: 02월 | F12: 1 | G12: 2 | H12: 3 | I12: 19 | J12: 4 | K12: 4 | L12: 2 | M12: =SUM(I12:L16) -> 29 | N12: 02.09 설날연휴 02.10 설날 02.12 설날연휴(대체휴일)
B13: 4 | C13: 5 | D13: 6 | E13: 7 | F13: 8 | G13: 9 | H13: 10
B14: 11 | C14: 12 | D14: 13 | E14: 14 | F14: 15 | G14: 16 | H14: 17
B15: 18 | C15: 19 | D15: 20 | E15: 21 | F15: 22 | G15: 23 | H15: 24
B16: 25 | C16: 26 | D16: 27 | E16: 28 | F16: 29
A17: 03월 | G17: 1 | H17: 2 | I17: 20 | J17: 5 | K17: 5 | L17: 1 | M17: =SUM(I17:L22) -> 31 | N17: 03.01 삼일절
B18: 3 | C18: 4 | D18: 5 | E18: 6 | F18: 7 | G18: 8 | H18: 9
B19: 10 | C19: 11 | D19: 12 | E19: 13 | F19: 14 | G19: 15 | H19: 16
B20: 17 | C20: 18 | D20: 19 | E20: 20 | F20: 21 | G20: 22 | H20: 23
B21: 24 | C21: 25 | D21: 26 | E21: 27 | F21: 28 | G21: 29 | H21: 30
B22: 31
A23: 04월 | C23: 1 | D23: 2 | E23: 3 | F23: 4 | G23: 5 | H23: 6 | I23: 22 | J23: 4 | K23: 4 | L23: 0 | M23: =SUM(I23:L27) -> 30
B24: 7 | C24: 8 | D24: 9 | E24: 10 | F24: 11 | G24: 12 | H24: 13
B25: 14 | C25: 15 | D25: 16 | E25: 17 | F25: 18 | G25: 19 | H25: 20
B26: 21 | C26: 22 | D26: 23 | E26: 24 | F26: 25 | G26: 26 | H26: 27
B27: 28 | C27: 29 | D27: 30
A28: 05월 | E28: 1 | F28: 2 | G28: 3 | H28: 4 | I28: 21 | J28: 4 | K28: 4 | L28: 2 | M28: =SUM(I28:L32) -> 31 | N28: 05.01 노동절 05.05 어린이날 05.15 석가탄신일
B29: 5 | C29: 6 | D29: 7 | E29: 8 | F29: 9 | G29: 10 | H29: 11
B30: 12 | C30: 13 | D30: 14 | E30: 15 | F30: 16 | G30: 17 | H30: 18
B31: 19 | C31: 20 | D31: 21 | E31: 22 | F31: 23 | G31: 24 | H31: 25
B32: 26 | C32: 27 | D32: 28 | E32: 29 | F32: 30 | G32: 31
A33: 06월 | H33: 1 | I33: 19 | J33: 5 | K33: 5 | L33: 1 | M33: =SUM(I33:L38) -> 30 | N33: 06.06 현충일
B34: 2 | C34: 3 | D34: 4 | E34: 5 | F34: 6 | G34: 7 | H34: 8
B35: 9 | C35: 10 | D35: 11 | E35: 12 | F35: 13 | G35: 14 | H35: 15
B36: 16 | C36: 17 | D36: 18 | E36: 19 | F36: 20 | G36: 21 | H36: 22
B37: 23 | C37: 24 | D37: 25 | E37: 26 | F37: 27 | G37: 28 | H37: 29
B38: 30
A39: 07월 | C39: 1 | D39: 2 | E39: 3 | F39: 4 | G39: 5 | H39: 6 | I39: 23 | J39: 4 | K39: 4 | L39: 0 | M39: =SUM(I39:L43) -> 31
B40: 7 | C40: 8 | D40: 9 | E40: 10 | F40: 11 | G40: 12 | H40: 13
B41: 14 | C41: 15 | D41: 16 | E41: 17 | F41: 18 | G41: 19 | H41: 20
B42: 21 | C42: 22 | D42: 23 | E42: 24 | F42: 25 | G42: 26 | H42: 27
B43: 28 | C43: 29 | D43: 30 | E43: 31
A44: 08월 | F44: 1 | G44: 2 | H44: 3 | I44: 21 | J44: 5 | K44: 4 | L44: 1 | M44: =SUM(I44:L48) -> 31 | N44: 08.15 광복절
B45: 4 | C45: 5 | D45: 6 | E45: 7 | F45: 8 | G45: 9 | H45: 10
B46: 11 | C46: 12 | D46: 13 | E46: 14 | F46: 15 | G46: 16 | H46: 17
B47: 18 | C47: 19 | D47: 20 | E47: 21 | F47: 22 | G47: 23 | H47: 24
B48: 25 | C48: 26 | D48: 27 | E48: 28 | F48: 29 | G48: 30 | H48: 31
A49: 09월 | B49: 1 | C49: 2 | D49: 3 | E49: 4 | F49: 5 | G49: 6 | H49: 7 | I49: 18 | J49: 4 | K49: 5 | L49: 3 | M49: =SUM(I49:L53) -> 30 | N49: 09.16 추석연휴 09.17 추석 09.18 추석연휴
B50: 8 | C50: 9 | D50: 10 | E50: 11 | F50: 12 | G50: 13 | H50: 14
B51: 15 | C51: 16 | D51: 17 | E51: 18 | F51: 19 | G51: 20 | H51: 21
B52: 22 | C52: 23 | D52: 24 | E52: 25 | F52: 26 | G52: 27 | H52: 28
B53: 29 | C53: 30
A54: 10월 | D54: 1 | E54: 2 | F54: 3 | G54: 4 | H54: 5 | I54: 21 | J54: 4 | K54: 4 | L54: 2 | M54: =SUM(I54:L58) -> 31 | N54: 10.03 개천절 10.09 한글날
B55: 6 | C55: 7 | D55: 8 | E55: 9 | F55: 10 | G55: 11 | H55: 12
B56: 13 | C56: 14 | D56: 15 | E56: 16 | F56: 17 | G56: 18 | H56: 19
B57: 20 | C57: 21 | D57: 22 | E57: 23 | F57: 24 | G57: 25 | H57: 26
B58: 27 | C58: 28 | D58: 29 | E58: 30 | F58: 31
A59: 11월 | G59: 1 | H59: 2 | I59: 21 | J59: 5 | K59: 4 | L59: 0 | M59: =SUM(I59:L63) -> 30
B60: 3 | C60: 4 | D60: 5 | E60: 6 | F60: 7 | G60: 8 | H60: 9
B61: 10 | C61: 11 | D61: 12 | E61: 13 | F61: 14 | G61: 15 | H61: 16
B62: 17 | C62: 18 | D62: 19 | E62: 20 | F62: 21 | G62: 22 | H62: 23
B63: 24 | C63: 25 | D63: 26 | E63: 27 | F63: 28 | G63: 29 | H63: 30
A64: 12월 | B64: 1 | C64: 2 | D64: 3 | E64: 4 | F64: 5 | G64: 6 | H64: 7 | I64: 21 | J64: 4 | K64: 5 | L64: 1 | M64: =SUM(I64:L68) -> 31 | N64: 12.25 성탄절
B65: 8 | C65: 9 | D65: 10 | E65: 11 | F65: 12 | G65: 13 | H65: 14
B66: 15 | C66: 13 | D66: 14 | E66: 15 | F66: 16 | G66: 17 | H66: 18
B67: 22 | C67: 23 | D67: 24 | E67: 25 | F67: 26 | G67: 27 | H67: 28
B68: 29 | C68: 30 | D68: 31
A69: 합계 | I69: =SUM(I7:I68) -> 248 | J69: =SUM(J7:J68) -> 52 | K69: =SUM(K7:K68) -> 52 | L69: =SUM(L7:L68) -> 14 | M69: =SUM(M7:M68) -> 366
I70: =I69/6 -> 41.333333 | J70: =J69/6 -> 8.6666667 | K70: =K69/6 -> 8.6666667 | L70: =L69/6 -> 2.3333333 | M70: =J70+K70+L70 -> 19.666667
H71: 평일당직 | I71: =I69/5 -> 49.6 | J71: =J69/5 -> 10.4 | K71: =K69/5 -> 10.4 | L71: =L69/5 -> 2.8
K72: 주말당직 | L72: =L71+K71+J71 -> 23.6

Sheet 가동시간
A1: ="[ 표 : "&V1&" ] " -> [ 표 : 14 ] | V1: =근무일수!P1+1 -> 14
A2: 2023년 설비가동시간 및 처리량 산출표
A3: 주간단위 | C3: 2021년 기준 | I3: 주간단위 | K3: 2023년 기준 | Q3: 증감
C4: 가동시간(HR) | F4: 처리량(kg) | K4: 가동시간(HR) | N4: 처리량(kg) | Q4: 가동시간(HR) | S4: 처리량(kg)
C5: 일반 | D5: 음식물 | E5: 계 | F5: 일반 | G5: 음식물 | H5: 계 | K5: 일반 | L5: 음식물 | M5: 계 | N5: 일반 | O5: 음식물 | P5: 계 | Q5: 증감시간 | R5: 증감율 | S5: 증감 처리량 | T5: 증감율
A6: 1주차 | B6: 12/28~1/3 | C6: =TRUNC(247+0/60,2) -> 247 | D6: =TRUNC(28+0/60,2) -> 28 | E6: =SUM(C6:D6) -> 275 | F6: 322460 | G6: 9440 | H6: =SUM(F6:G6) -> 331900 | I6: 1주차 | J6: 12/26~1/1 | K6: =TRUNC(301+40/60,2) -> 301.66 | L6: =TRUNC(40+50/60,2) -> 40.83 | M6: =SUM(K6:L6) -> 342.49 | N6: 379140 | O6: 2490 | P6: =SUM(N6:O6) -> 381630 | Q6: =M6-E6 -> 67.49 | R6: =TRUNC(M6/E6,4) -> 1.2454 | S6: =P6-H6 -> 49730 | T6: =TRUNC(P6/H6,4) -> 1.1498
A7: 2주차 | B7: 1/4~1/10 | C7: =TRUNC(247+0/60,2) -> 247 | D7: =TRUNC(28+0/60,2) -> 28 | E7: =SUM(C7:D7) -> 275 | F7: 322460 | G7: 9440 | H7: =SUM(F7:G7) -> 331900 | I7: 2주차 | J7: 1/2~1/8 | K7: =TRUNC(301+40/60,2) -> 301.66 | L7: =TRUNC(40+50/60,2) -> 40.83 | M7: =SUM(K7:L7) -> 342.49 | N7: 379140 | O7: 2490 | P7: =SUM(N7:O7) -> 381630 | Q7: =M7-E7 -> 67.49 | R7: =TRUNC(M7/E7,4) -> 1.2454 | S7: =P7-H7 -> 49730 | T7: =TRUNC(P7/H7,4) -> 1.1498
A8: 3주차 | B8: 1/11~1/17 | C8: =TRUNC(249+0/60,2) -> 249 | D8: =TRUNC(28+0/60,2) -> 28 | E8: =SUM(C8:D8) -> 277 | F8: 344050 | G8: 3220 | H8: =SUM(F8:G8) -> 347270 | I8: 3주차 | J8: 1/9~1/15 | K8: =TRUNC(299+40/60,2) -> 299.66 | L8: =TRUNC(40+50/60,2) -> 40.83 | M8: =SUM(K8:L8) -> 340.49 | N8: 362870 | O8: 0 | P8: =SUM(N8:O8) -> 362870 | Q8: =M8-E8 -> 63.49 | R8: =TRUNC(M8/E8,4) -> 1.2292 | S8: =P8-H8 -> 15600 | T8: =TRUNC(P8/H8,4) -> 1.0449
A9: 4주차 | B9: 1/18~1/24 | C9: =TRUNC(247+50/60,2) -> 247.83 | D9: =TRUNC(28+0/60,2) -> 28 | E9: =SUM(C9:D9) -> 275.83 | F9: 344040 | G9: 7370 | H9: =SUM(F9:G9) -> 351410 | I9: 4주차 | J9: 1/16~1/22 | K9: =TRUNC(302+10/60,2) -> 302.16 | L9: =TRUNC(40+50/60,2) -> 40.83 | M9: =SUM(K9:L9) -> 342.99 | N9: 399630 | O9: 0 | P9: =SUM(N9:O9) -> 399630 | Q9: =M9-E9 -> 67.16 | R9: =TRUNC(M9/E9,4) -> 1.2434 | S9: =P9-H9 -> 48220 | T9: =TRUNC(P9/H9,4) -> 1.1372
A10: 5주차 | B10: 1/25~1/31 | C10: =TRUNC(248+30/60,2) -> 248.5 | D10: =TRUNC(28+0/60,2) -> 28 | E10: =SUM(C10:D10) -> 276.5 | F10: 343520 | G10: 8260 | H10: =SUM(F10:G10) -> 351780 | I10: 5주차 | J10: 1/23~1/29 | K10: =TRUNC(297+10/60,2) -> 297.16 | L10: =TRUNC(40+50/60,2) -> 40.83 | M10: =SUM(K10:L10) -> 337.99 | N10: 348650 | O10: 0 | P10: =SUM(N10:O10) -> 348650 | Q10: =M10-E10 -> 61.49 | R10: =TRUNC(M10/E10,4) -> 1.2223 | S10: =P10-H10 -> -3130 | T10: =TRUNC(P10/H10,4) -> 0.9911
A11: 6주차 | B11: 2/1~2/7 | C11: =TRUNC(250+30/60,2) -> 250.5 | D11: =TRUNC(28+0/60,2) -> 28 | E11: =SUM(C11:D11) -> 278.5 | F11: 341290 | G11: 5220 | H11: =SUM(F11:G11) -> 346510 | I11: 6주차 | J11: 1/30~2/5 | K11: =TRUNC(302+40/60,2) -> 302.66 | L11: =TRUNC(40+50/60,2) -> 40.83 | M11: =SUM(K11:L11) -> 343.49 | N11: 376620 | O11: 0 | P11: =SUM(N11:O11) -> 376620 | Q11: =M11-E11 -> 64.99 | R11: =TRUNC(M11/E11,4) -> 1.2333 | S11: =P11-H11 -> 30110 | T11: =TRUNC(P11/H11,4) -> 1.0868
A12: 7주차 | B12: 2/8~2/14 | C12: =TRUNC(249+0/60,2) -> 249 | D12: =TRUNC(28+0/60,2) -> 28 | E12: =SUM(C12:D12) -> 277 | F12: 340740 | G12: 3880 | H12: =SUM(F12:G12) -> 344620 | I12: 7주차 | J12: 2/6~2/12 | K12: =TRUNC(303+10/60,2) -> 303.16 | L12: =TRUNC(40+50/60,2) -> 40.83 | M12: =SUM(K12:L12) -> 343.99 | N12: 371800 | O12: 4680 | P12: =SUM(N12:O12) -> 376480 | Q12: =M12-E12 -> 66.99 | R12: =TRUNC(M12/E12,4) -> 1.2418 | S12: =P12-H12 -> 31860 | T12: =TRUNC(P12/H12,4) -> 1.0924
A13: 8주차 | B13: 2/15~2/21 | C13: =TRUNC(252+0/60,2) -> 252 | D13: =TRUNC(28+0/60,2) -> 28 | E13: =SUM(C13:D13) -> 280 | F13: 380390 | G13: 5150 | H13: =SUM(F13:G13) -> 385540 | I13: 8주차 | J13: 2/13~2/19 | K13: =TRUNC(304+10/60,2) -> 304.16 | L13: =TRUNC(40+50/60,2) -> 40.83 | M13: =SUM(K13:L13) -> 344.99 | N13: 368950 | O13: 3350 | P13: =SUM(N13:O13) -> 372300 | Q13: =M13-E13 -> 64.99 | R13: =TRUNC(M13/E13,4) -> 1.2321 | S13: =P13-H13 -> -13240 | T13: =TRUNC(P13/H13,4) -> 0.9656
A14: 9주차 | B14: 2/22~2/28 | C14: =TRUNC(251+10/60,2) -> 251.16 | D14: =TRUNC(28+0/60,2) -> 28 | E14: =SUM(C14:D14) -> 279.16 | F14: 361940 | G14: 3070 | H14: =SUM(F14:G14) -> 365010 | I14: 9주차 | J14: 2/20~2/26 | K14: =TRUNC(303+40/60,2) -> 303.66 | L14: =TRUNC(40+50/60,2) -> 40.83 | M14: =SUM(K14:L14) -> 344.49 | N14: 368090 | O14: 5220 | P14: =SUM(N14:O14) -> 373310 | Q14: =M14-E14 -> 65.33 | R14: =TRUNC(M14/E14,4) -> 1.234 | S14: =P14-H14 -> 8300 | T14: =TRUNC(P14/H14,4) -> 1.0227
A15: 10주차 | B15: 3/1~3/7 | C15: =TRUNC(254+0/60,2) -> 254 | D15: =TRUNC(28+0/60,2) -> 28 | E15: =SUM(C15:D15) -> 282 | F15: 363400 | G15: 10550 | H15: =SUM(F15:G15) -> 373950 | I15: 10주차 | J15: 2/27~3/5 | K15: =TRUNC(301+10/60,2) -> 301.16 | L15: =TRUNC(40+50/60,2) -> 40.83 | M15: =SUM(K15:L15) -> 341.99 | N15: 364380 | O15: 0 | P15: =SUM(N15:O15) -> 364380 | Q15: =M15-E15 -> 59.99 | R15: =TRUNC(M15/E15,4) -> 1.2127 | S15: =P15-H15 -> -9570 | T15: =TRUNC(P15/H15,4) -> 0.9744
A16: 11주차 | B16: 3/8~3/14 | C16: =TRUNC(255+30/60,2) -> 255.5 | D16: =TRUNC(28+0/60,2) -> 28 | E16: =SUM(C16:D16) -> 283.5 | F16: 373450 | G16: 3990 | H16: =SUM(F16:G16) -> 377440 | I16: 11주차 | J16: 3/6~3/12 | K16: =TRUNC(310+0/60,2) -> 310 | L16: =TRUNC(40+50/60,2) -> 40.83 | M16: =SUM(K16:L16) -> 350.83 | N16: 365680 | O16: 5140 | P16: =SUM(N16:O16) -> 370820 | Q16: =M16-E16 -> 67.33 | R16: =TRUNC(M16/E16,4) -> 1.2374 | S16: =P16-H16 -> -6620 | T16: =TRUNC(P16/H16,4) -> 0.9824
A17: 12주차 | B17: 3/15~3/21 | C17: =TRUNC(256+40/60,2) -> 256.66 | D17: =TRUNC(28+0/60,2) -> 28 | E17: =SUM(C17:D17) -> 284.66 | F17: 371490 | G17: 7700 | H17: =SUM(F17:G17) -> 379190 | I17: 12주차 | J17: 3/13~3/19 | K17: =TRUNC(306+40/60,2) -> 306.66 | L17: =TRUNC(40+50/60,2) -> 40.83 | M17: =SUM(K17:L17) -> 347.49 | N17: 355690 | O17: 4810 | P17: =SUM(N17:O17) -> 360500 | Q17: =M17-E17 -> 62.83 | R17: =TRUNC(M17/E17,4) -> 1.2207 | S17: =P17-H17 -> -18690 | T17: =TRUNC(P17/H17,4) -> 0.9507
A18: 13주차 | B18: 3/22~3/28 | C18: =TRUNC(256+10/60,2) -> 256.16 | D18: =TRUNC(28+0/60,2) -> 28 | E18: =SUM(C18:D18) -> 284.16 | F18: 353420 | G18: 6210 | H18: =SUM(F18:G18) -> 359630 | I18: 13주차 | J18: 3/20~3/26 | K18: =TRUNC(308+40/60,2) -> 308.66 | L18: =TRUNC(40+50/60,2) -> 40.83 | M18: =SUM(K18:L18) -> 349.49 | N18: 361310 | O18: 6740 | P18: =SUM(N18:O18) -> 368050 | Q18: =M18-E18 -> 65.33 | R18: =TRUNC(M18/E18,4) -> 1.2299 | S18: =P18-H18 -> 8420 | T18: =TRUNC(P18/H18,4) -> 1.0234
A19: 14주차 | B19: 3/29~4/4 | C19: =TRUNC(254+40/60,2) -> 254.66 | D19: =TRUNC(28+0/60,2) -> 28 | E19: =SUM(C19:D19) -> 282.66 | F19: 362050 | G19: 6220 | H19: =SUM(F19:G19) -> 368270 | I19: 14주차 | J19: 3/27~4/2 | K19: =TRUNC(314+30/60,2) -> 314.5 | L19: =TRUNC(41+0/60,2) -> 41 | M19: =SUM(K19:L19) -> 355.5 | N19: 353700 | O19: 6550 | P19: =SUM(N19:O19) -> 360250 | Q19: =M19-E19 -> 72.84 | R19: =TRUNC(M19/E19,4) -> 1.2576 | S19: =P19-H19 -> -8020 | T19: =TRUNC(P19/H19,4) -> 0.9782
A20: 15주차 | B20: 4/5~4/11 | C20: =TRUNC(255+30/60,2) -> 255.5 | D20: =TRUNC(28+0/60,2) -> 28 | E20: =SUM(C20:D20) -> 283.5 | F20: 361880 | G20: 6570 | H20: =SUM(F20:G20) -> 368450 | I20: 15주차 | J20: 4/3~4/9 | K20: =TRUNC(317+40/60,2) -> 317.66 | L20: =TRUNC(41+0/60,2) -> 41 | M20: =SUM(K20:L20) -> 358.66 | N20: 351920 | O20: 3970 | P20: =SUM(N20:O20) -> 355890 | Q20: =M20-E20 -> 75.16 | R20: =TRUNC(M20/E20,4) -> 1.2651 | S20: =P20-H20 -> -12560 | T20: =TRUNC(P20/H20,4) -> 0.9659
A21: 16주차 | B21: 4/12~4/18 | C21: =TRUNC(254+30/60,2) -> 254.5 | D21: =TRUNC(28+0/60,2) -> 28 | E21: =SUM(C21:D21) -> 282.5 | F21: 358410 | G21: 2740 | H21: =SUM(F21:G21) -> 361150 | I21: 16주차 | J21: 4/10~4/16 | K21: =TRUNC(310+40/60,2) -> 310.66 | L21: =TRUNC(41+0/60,2) -> 41 | M21: =SUM(K21:L21) -> 351.66 | N21: 356120 | O21: 5890 | P21: =SUM(N21:O21) -> 362010 | Q21: =M21-E21 -> 69.16 | R21: =TRUNC(M21/E21,4) -> 1.2448 | S21: =P21-H21 -> 860 | T21: =TRUNC(P21/H21,4) -> 1.0023
A22: 17주차 | B22: 4/19~4/25 | C22: =TRUNC(255+10/60,2) -> 255.16 | D22: =TRUNC(28+0/60,2) -> 28 | E22: =SUM(C22:D22) -> 283.16 | F22: 375310 | G22: 5180 | H22: =SUM(F22:G22) -> 380490 | I22: 17주차 | J22: 4/17~4/23 | K22: =TRUNC(310+10/60,2) -> 310.16 | L22: =TRUNC(41+0/60,2) -> 41 | M22: =SUM(K22:L22) -> 351.16 | N22: 361150 | O22: 3180 | P22: =SUM(N22:O22) -> 364330 | Q22: =M22-E22 -> 68 | R22: =TRUNC(M22/E22,4) -> 1.2401 | S22: =P22-H22 -> -16160 | T22: =TRUNC(P22/H22,4) -> 0.9575
A23: 18주차 | B23: 4/26~5/2 | C23: =TRUNC(256+10/60,2) -> 256.16 | D23: =TRUNC(28+0/60,2) -> 28 | E23: =SUM(C23:D23) -> 284.16 | F23: 381530 | G23: 10080 | H23: =SUM(F23:G23) -> 391610 | I23: 18주차 | J23: 4/24~4/30 | K23: =TRUNC(353+30/60,2) -> 353.5 | L23: =TRUNC(41+0/60,2) -> 41 | M23: =SUM(K23:L23) -> 394.5 | N23: 379760 | O23: 5970 | P23: =SUM(N23:O23) -> 385730 | Q23: =M23-E23 -> 110.34 | R23: =TRUNC(M23/E23,4) -> 1.3883 | S23: =P23-H23 -> -5880 | T23: =TRUNC(P23/H23,4) -> 0.9849
A24: 19주차 | B24: 5/3~5/9 | C24: =TRUNC(254+10/60,2) -> 254.16 | D24: =TRUNC(28+0/60,2) -> 28 | E24: =SUM(C24:D24) -> 282.16 | F24: 371520 | G24: 3940 | H24: =SUM(F24:G24) -> 375460 | I24: 19주차 | J24: 5/1~5/7 | K24: =TRUNC(310+10/60,2) -> 310.16 | L24: =TRUNC(41+0/60,2) -> 41 | M24: =SUM(K24:L24) -> 351.16 | N24: 360070 | O24: 6490 | P24: =SUM(N24:O24) -> 366560 | Q24: =M24-E24 -> 69 | R24: =TRUNC(M24/E24,4) -> 1.2445 | S24: =P24-H24 -> -8900 | T24: =TRUNC(P24/H24,4) -> 0.9762
A25: 20주차 | B25: 5/10~5/16 | C25: =TRUNC(255+40/60,2) -> 255.66 | D25: =TRUNC(28+0/60,2) -> 28 | E25: =SUM(C25:D25) -> 283.66 | F25: 371070 | G25: 11500 | H25: =SUM(F25:G25) -> 382570 | I25: 20주차 | J25: 5/8~5/14 | K25: =TRUNC(311+40/60,2) -> 311.66 | L25: =TRUNC(41+0/60,2) -> 41 | M25: =SUM(K25:L25) -> 352.66 | N25: 378220 | O25: 7300 | P25: =SUM(N25:O25) -> 385520 | Q25: =M25-E25 -> 69 | R25: =TRUNC(M25/E25,4) -> 1.2432 | S25: =P25-H25 -> 2950 | T25: =TRUNC(P25/H25,4) -> 1.0077
A26: 21주차 | B26: 5/17~5/23 | C26: =TRUNC(256+10/60,2) -> 256.16 | D26: =TRUNC(28+0/60,2) -> 28 | E26: =SUM(C26:D26) -> 284.16 | F26: 382900 | G26: 6570 | H26: =SUM(F26:G26) -> 389470 | I26: 21주차 | J26: 5/15~5/21 | K26: =TRUNC(312+40/60,2) -> 312.66 | L26: =TRUNC(41+0/60,2) -> 41 | M26: =SUM(K26:L26) -> 353.66 | N26: 373600 | O26: 5610 | P26: =SUM(N26:O26) -> 379210 | Q26: =M26-E26 -> 69.5 | R26: =TRUNC(M26/E26,4) -> 1.2445 | S26: =P26-H26 -> -10260 | T26: =TRUNC(P26/H26,4) -> 0.9736
A27: 22주차 | B27: 5/24~5/30 | C27: =TRUNC(256+10/60,2) -> 256.16 | D27: =TRUNC(28+0/60,2) -> 28 | E27: =SUM(C27:D27) -> 284.16 | F27: 385550 | G27: 10250 | H27: =SUM(F27:G27) -> 395800 | I27: 22주차 | J27: 5/22~5/28 | K27: =TRUNC(312+10/60,2) -> 312.16 | L27: =TRUNC(41+0/60,2) -> 41 | M27: =SUM(K27:L27) -> 353.16 | N27: 371710 | O27: 7110 | P27: =SUM(N27:O27) -> 378820 | Q27: =M27-E27 -> 69 | R27: =TRUNC(M27/E27,4) -> 1.2428 | S27: =P27-H27 -> -16980 | T27: =TRUNC(P27/H27,4) -> 0.957
A28: 23주차 | B28: 5/31~6/6 | C28: =TRUNC(256+0/60,2) -> 256 | D28: =TRUNC(28+0/60,2) -> 28 | E28: =SUM(C28:D28) -> 284 | F28: 378580 | G28: 5610 | H28: =SUM(F28:G28) -> 384190 | I28: 23주차 | J28: 5/29~6/4 | K28: =TRUNC(311+40/60,2) -> 311.66 | L28: =TRUNC(41+0/60,2) -> 41 | M28: =SUM(K28:L28) -> 352.66 | N28: 392820 | O28: 4640 | P28: =SUM(N28:O28) -> 397460 | Q28: =M28-E28 -> 68.66 | R28: =TRUNC(M28/E28,4) -> 1.2417 | S28: =P28-H28 -> 13270 | T28: =TRUNC(P28/H28,4) -> 1.0345
A29: 24주차 | B29: 6/7~6/13 | C29: =TRUNC(256+40/60,2) -> 256.66 | D29: =TRUNC(28+0/60,2) -> 28 | E29: =SUM(C29:D29) -> 284.66 | F29: 422830 | G29: 10380 | H29: =SUM(F29:G29) -> 433210 | I29: 24주차 | J29: 6/12~6/18 | K29: =TRUNC(309+40/60,2) -> 309.66 | L29: =TRUNC(40+50/60,2) -> 40.83 | M29: =SUM(K29:L29) -> 350.49 | N29: 384419 | O29: 5860 | P29: =SUM(N29:O29) -> 390279 | Q29: =M29-E29 -> 65.83 | R29: =TRUNC(M29/E29,4) -> 1.2312 | S29: =P29-H29 -> -42931 | T29: =TRUNC(P29/H29,4) -> 0.9009
A30: 25주차 | B30: 6/14~6/20 | C30: =TRUNC(256+0/60,2) -> 256 | D30: =TRUNC(28+0/60,2) -> 28 | E30: =SUM(C30:D30) -> 284 | F30: 403450 | G30: 8640 | H30: =SUM(F30:G30) -> 412090 | I30: 25주차 | J30: 6/19~6/25 | K30: =TRUNC(381+40/60,2) -> 381.66 | L30: =TRUNC(40+50/60,2) -> 40.83 | M30: =SUM(K30:L30) -> 422.49 | N30: 382080 | O30: 7490 | P30: =SUM(N30:O30) -> 389570 | Q30: =M30-E30 -> 138.49 | R30: =TRUNC(M30/E30,4) -> 1.4876 | S30: =P30-H30 -> -22520 | T30: =TRUNC(P30/H30,4) -> 0.9453
A31: 26주차 | B31: 6/21~6/27 | C31: =TRUNC(255+0/60,2) -> 255 | D31: =TRUNC(28+0/60,2) -> 28 | E31: =SUM(C31:D31) -> 283 | F31: 409380 | G31: 6990 | H31: =SUM(F31:G31) -> 416370 | I31: 26주차 | J31: 6/26~7/2 | K31: =TRUNC(312+40/60,2) -> 312.66 | L31: =TRUNC(43+50/60,2) -> 43.83 | M31: =SUM(K31:L31) -> 356.49 | N31: 387420 | O31: 6540 | P31: =SUM(N31:O31) -> 393960 | Q31: =M31-E31 -> 73.49 | R31: =TRUNC(M31/E31,4) -> 1.2596 | S31: =P31-H31 -> -22410 | T31: =TRUNC(P31/H31,4) -> 0.9461
A33: 계 | E33: =SUM(E6:E32) -> 7314.09 | H33: =SUM(H6:H32) -> 9705280 | I33: 계 | M33: =SUM(M6:M32) -> 9177.46 | P33: =SUM(P6:P32) -> 9746459 | Q33: =SUM(Q6:Q32) -> 1863.37 | R33: =TRUNC(M33/E33,4) -> 1.2547 | S33: =SUM(S6:S32) -> 41179 | T33: =TRUNC(P33/H33,4) -> 1.0042
A34: 평균 | E34: =TRUNC(AVERAGE(E6:E31),2) -> 281.31 | H34: =TRUNC(AVERAGE(H6:H31),2) -> 373280 | I34: 평균 | M34: =TRUNC(AVERAGE(M6:M31),2) -> 352.97 | P34: =TRUNC(AVERAGE(P6:P31),2) -> 374863.8 | Q34: =M34-E34 -> 71.66 | R34: =TRUNC(M34/E34,4) -> 1.2547 | S34: =P34-H34 -> 1583.8 | T34: =TRUNC(P34/H34,4) -> 1.0042
V35: =기간현황!M12*4 -> 3968
A36: ="주 1) 표준시간 992시간을 4개 집하장 총시간으로 계산하면 "&FIXED(V35,0)&" 시간이 산정되며, 이는 실작업시간인 "&FIXED(M33,2)&"시간보다 "&FIXED(V36,2)&" 시간이 초과되어 나타나고 있음" -> 주 1) 표준시간 992시간을 4개 집하장 총시간으로 계산하면 3,968 시간이 산정되며, 이는 실작업시간인 9,177.46시간보다 5,209.46 시간이 초과되어 나타나고 있음 | V36: =M33-V35 -> 5209.46
A37: 2) 운영인력 중 가동시간과 관련성이 적은 소장, 관리팀, 환경팀, 운반팀을 제외하고 설비가동과 직접적으로 관련이 있고 가동시간과 작업량의 상관관계가 큰 기계, 전기부문 인력만을 대상으로 이들 12인의 실제 작업시간을 구
A38: 하면 다음과 같음
A39: =" 3) 12인의 실제 총작업시간은 집하장 1개소당 평균 가동시간에 12인을 승하여 산정하게 되는데 이를 산식으로 나타내면 12인 × "&FIXED(M53,2)&"시간 = "&FIXED(V39,2)&"시간으로 산출되어짐" -> 3) 12인의 실제 총작업시간은 집하장 1개소당 평균 가동시간에 12인을 승하여 산정하게 되는데 이를 산식으로 나타내면 12인 × 2,294.37시간 = 18,354.96시간으로 산출되어짐 | V39: =ROUND(8*M53,2) -> 18354.96 | W39: =ROUND(V39*(1-15%),2) -> 15601.72
A40: =" 4) 산정된 12인의 총작업시간 "&FIXED(V39,2)&"시간은 기계가동시간으로 작업중의 여유율 15% 감안한 "&FIXED(V39,2)&" × (1-15%) = "&FIXED(W39,2)&"시간이 산출되어짐" -> 4) 산정된 12인의 총작업시간 18,354.96시간은 기계가동시간으로 작업중의 여유율 15% 감안한 18,354.96 × (1-15%) = 15,601.72시간이 산출되어짐
A41: 5) 12인의 표준작업시간은 집하장 1개소당 표준가동시간에 12인을 승하여 산정하게 되는데 이를 산식으로 나타내면 12인 × 992시간 =11,904시간으로 산출되어짐 | V41: =8*기간현황!M12 -> 7936
A42: =" 6) 실제작업시간과 표준작업시간의 차이 "&FIXED(V42,2)&"시간은 표준작업을 초과하는 실작업시간으로 이를 1인당 표준시간인 992시간으로 나누면 "&FIXED(V43,2)&"인이 산정됨" -> 6) 실제작업시간과 표준작업시간의 차이 7,665.72시간은 표준작업을 초과하는 실작업시간으로 이를 1인당 표준시간인 992시간으로 나누면 7.67인이 산정됨 | V42: =W39-V41 -> 7665.72
A43: 이는 정원에 미달한 필요인력을 말하는 것으로 증원이 필요함을 알수 있음 | V43: =ROUND(V42/1000,2) -> 7.67
A44: 7) 파주시는 지속적인 세대수(유입인구)의 증가로 생활폐기물 처리량과 설비가동시간 및 투입구를 비롯한 섹션맨홀, LTP(판넬) 등 관리대상 시설물이 확대됨
M53: =ROUND(M33/4,2) -> 2294.37 | N53: 집하장 1개소당 평균 가동시간
M54: =M53*8 -> 18354.96

Sheet 기간현황
A1: ="[ 표 : "&J1&" ] " -> [ 표 : 15 ] | J1: =가동시간!V1+1 -> 15
A2: 2023년 상반기 용역기간현황표
A4: * 기간 : 2023년 1월 1일 ~ 2023년 6월 30일(6개월)
A5: 구 분 | B5: 2023년 | H5: 계 | I5: 비 고
B6: 1월 | C6: 2월 | D6: 3월 | E6: 4월 | F6: 5월 | G6: 6월
A7: 평일 | B7: =31-B8-B9-B10 -> 21 | C7: =28-C8-C9-C10 -> 20 | D7: =31-D8-D9-D10 -> 22 | E7: =30-E8-E9-E10 -> 20 | F7: =31-F8-F9-F10 -> 20 | G7: =30-G8-G9-G10 -> 21 | H7: =SUM(B7:G7) -> 124
A8: 토요일 | B8: 4 | C8: 4 | D8: 4 | E8: 5 | F8: 4 | G8: 4 | H8: =SUM(B8:G8) -> 25
A9: 일요일 | B9: 5 | C9: 4 | D9: 4 | E9: 5 | F9: 4 | G9: 4 | H9: =SUM(B9:G9) -> 26
A10: 공휴일 및 명절 | B10: 1 | C10: 0 | D10: 1 | E10: 0 | F10: 3 | G10: 1 | H10: =SUM(B10:G10) -> 6
A11: 소계 | B11: =SUM(B9:B10) -> 6 | C11: =SUM(C9:C10) -> 4 | D11: =SUM(D9:D10) -> 5 | E11: =SUM(E9:E10) -> 5 | F11: =SUM(F9:F10) -> 7 | G11: =SUM(G9:G10) -> 5 | H11: =SUM(B11:G11) -> 32 | I11: 일+공휴
A12: 계 | B12: =SUM(B7:B10) -> 31 | C12: =SUM(C7:C10) -> 28 | D12: =SUM(D7:D10) -> 31 | E12: =SUM(E7:E10) -> 30 | F12: =SUM(F7:F10) -> 31 | G12: =SUM(G7:G10) -> 30 | H12: =SUM(B12:G12) -> 181 | M12: =H7*8 -> 992
A14: ※ 2023년 상반기 표준작업시간 구하기
A15: * 근로가능일수 : 총일수 - (토/일요일+공휴일 및 명절)
A16: * 근로가능일수 × 8시간
A17: * 여유시간은 인적, 관리작업 여유 등을 고려하여 설정하며 통상 여유율은 10~30% 수준에서 결정
A18: * ILO에서는 남자의 경우 34%의 여유율 적용하고 있음
A19: * 상기 기준에 의해 표준시간을 도출하면 근로가능한 124일을 1일 8시간 기준으로 환산하여
A20: 총 992시간이 산출되어짐

Sheet 경비집계
A1: ="[ 표 : "&I1&" ] " -> [ 표 : 16 ] | I1: =기간현황!J1+1 -> 16
A2: 경비집계표
H4: 단위 : 원/월
A5: 비 목 | F5: 금 액 | H5: 비 고
A7: 고 정 경 비 | B7: 인적보험료 | D7: 산재보험료 | F7: ='고정)인적보험료집계'!E25 -> 802882
D8: 국민연금 | F8: ='고정)인적보험료집계'!H25 -> 4014456
D9: 고용보험료 | F9: ='고정)인적보험료집계'!K25 -> 1025903
D10: 국민건강보험료 | F10: ='고정)인적보험료집계'!N25 -> 3162501
D11: 노인장기요양보험료 | F11: ='고정)인적보험료집계'!Q25 -> 405109
D12: 임금채권보장보험료 | F12: ='고정)인적보험료집계'!T25 -> 53511
D13: 석면피해구제분담금 | F13: ='고정)인적보험료집계'!W25 -> 3554
D14: 소계 | F14: =SUM(F7:F13) -> 9467916 | H14: ='고정)인적보험료집계'!$A$1&"참조" -> [ 표 : 17 ] 참조
B15: 복리후생비 | F15: ='고정)복리후생비집계'!R25 -> 4869242 | H15: ='고정)복리후생비집계'!$A$1&"참조" -> [ 표 : 19 ] 참조 | J15: =TRUNC(F15/15) -> 324616
B16: 안전관리비 | F16: ='고정)안전관리비'!H15 -> 1797591.5 | H16: ='고정)안전관리비'!$A$1&"참조" -> [ 표 : 24 ] 참조
B17: 교육훈련비 | F17: ='고정)교육훈련비'!H14 -> 167397 | H17: ='고정)교육훈련비'!$A$1&"참조" -> [ 표 : 25 ] 참조
B18: 소모품비 | F18: ='고정)소모품비'!H19 -> 627434 | H18: ='고정)소모품비'!$A$1&"참조" -> [ 표 : 26 ] 참조
B19: 출장여비 | F19: ='고정)출장여비'!H11 -> 95661 | H19: ='고정)출장여비'!$A$1&"참조" -> [ 표 : 27 ] 참조
B20: 통신 및 우편비 | F20: ='고정)통신비'!H10 -> 173066 | H20: ='고정)통신비'!$A$1&"참조" -> [ 표 : 29 ] 참조
B22: 계 | F22: =SUM(F14:F20) -> 17198307
A23: 변 동 경 비 | B23: 소모자재비 | F23: ='변동)소모자재비'!H14 -> 2250000 | H23: ='변동)소모자재비'!$A$1&"참조" -> [ 표 : 30 ] 참조
B24: 수선유지비 | F24: ='변동)수선유지비'!H31 -> 52986666 | H24: ='변동)수선유지비'!$A$1&"참조" -> [ 표 : 31 ] 참조
B25: 측정검사수수료 | F25: ='변동)측정검사수수료'!H13 -> 150263 | H25: ='변동)측정검사수수료'!$A$1&"참조" -> [ 표 : 32 ] 참조
B26: 안전점검대행비 | F26: ='변동)안전점검대행비'!H15 -> 2440000 | H26: ='변동)안전점검대행비'!$A$1&"참조" -> [ 표 : 33 ] 참조
B27: 차량유지비 | F27: ='변동)차량유지비'!H16 -> 4939000 | H27: ='변동)차량유지비'!$A$1&"참조" -> [ 표 : 34 ] 참조
B28: 보안관리비 | F28: ='변동)보안관리비'!H12 -> 520000 | H28: ='변동)보안관리비'!$A$1&"참조" -> [ 표 : 35 ] 참조
B29: 수집운반비 | F29: ='변동)수집운반비'!E13 -> 5808711
B30: 계 | F30: =SUM(F23:F29) -> 69094640
A31: 대납분 | B31: 전력비 | F31: ='변동-대)전력비'!H15 -> 134915602 | H31: ='변동-대)전력비'!$A$1&"참조" -> [ 표 : 37 ] 참조
B32: 수도광열비 | F32: ='변동-대)수도광열비'!H18 -> 3641717 | H32: ='변동-대)수도광열비'!$A$1&"참조" -> [ 표 : 39 ] 참조
B33: 시설물보험료 | F33: ='변동-대)시설물보험료'!H18 -> 5832292 | H33: ='변동-대)시설물보험료'!$A$1&"참조" -> [ 표 : 40 ] 참조
B34: 계 | F34: =SUM(F31:F33) -> 144389611
A35: 합 계 | F35: =SUM(F22,F30,F34) -> 2.3068256e+08

Sheet 고정)인적보험료집계
A1: ="[ 표 : "&Y1&" ] " -> [ 표 : 17 ] | Y1: =경비집계!I1+1 -> 17
A2: 보험료집계표
X4: 단위 : 원/월
A5: 구 분 | B5: 직 책 명 | C5: 산재보험료 | F5: 국민연금 | I5: 고용보험료 | L5: 국민건강보험료 | O5: 노인장기요양보험료 | R5: 임금채권보장보험료 | U5: 석면피해구제분담금 | X5: 계
C6: 단위(1인)당 보험료 | D6: 투입 인원 | E6: 금 액 | F6: 단위(1인)당 보험료 | G6: 투입 인원 | H6: 금 액 | I6: 단위(1인)당 보험료 | J6: 투입 인원 | K6: 금 액 | L6: 단위(1인)당 보험료 | M6: 투입 인원 | N6: 금 액 | O6: 단위(1인)당 보험료 | P6: 투입 인원 | Q6: 금 액 | R6: 단위(1인)당 보험료 | S6: 투입 인원 | T6: 금 액 | U6: 단위(1인)당 보험료 | V6: 투입 인원 | W6: 금 액
C7: 주 1) | D7: 주 2) | F7: 주 1) | G7: 주 2) | I7: 주 1) | J7: 주 2) | L7: 주 1) | M7: 주 2) | O7: 주 1) | P7: 주 2) | R7: 주 1) | S7: 주 2) | U7: 주 1) | V7: 주 2)
A8: =투입인원!A8 -> 관리팀 | B8: =투입인원!B8 -> 관리소장 | C8: ='고정)인적보험료'!N8 -> 39910 | D8: =투입인원!F8 -> 1 | E8: =SUM(C8*D8) -> 39910 | F8: ='고정)인적보험료'!N9 -> 199552 | G8: =D8 -> 1 | H8: =SUM(F8*G8) -> 199552 | I8: ='고정)인적보험료'!N10 -> 50996 | J8: =G8 -> 1 | K8: =SUM(I8*J8) -> 50996 | L8: ='고정)인적보험료'!N11 -> 157203 | M8: =J8 -> 1 | N8: =SUM(L8*M8) -> 157203 | O8: ='고정)인적보험료'!N12 -> 20137 | P8: =M8 -> 1 | Q8: =SUM(O8*P8) -> 20137 | R8: ='고정)인적보험료'!N13 -> 2660 | S8: =M8 -> 1 | T8: =SUM(R8*S8) -> 2660 | U8: ='고정)인적보험료'!N14 -> 177 | V8: =P8 -> 1 | W8: =SUM(U8*V8) -> 177 | X8: =SUM(T8,N8,K8,H8,Q8,E8,W8) -> 470635 | Z8: ='고정)인적보험료집계'!A8 -> 관리팀 | AA8: =B8 -> 관리소장 | AB8: =D8 -> 1 | AC8: =SUM(C8,F8,I8,L8,O8,R8,U8) -> 470635 | AD8: =TRUNC(AB8*AC8) -> 470635
A9: =투입인원!A9 -> 관리팀 | B9: =투입인원!B9 -> 관리팀장 | C9: ='고정)인적보험료'!N16 -> 44595 | D9: =투입인원!F9 -> 1 | E9: =SUM(C9*D9) -> 44595 | F9: ='고정)인적보험료'!N17 -> 222977 | G9: =D9 -> 1 | H9: =SUM(F9*G9) -> 222977 | I9: ='고정)인적보험료'!N18 -> 56983 | J9: =G9 -> 1 | K9: =SUM(I9*J9) -> 56983 | L9: ='고정)인적보험료'!N19 -> 175656 | M9: =J9 -> 1 | N9: =SUM(L9*M9) -> 175656 | O9: ='고정)인적보험료'!N20 -> 22501 | P9: =M9 -> 1 | Q9: =SUM(O9*P9) -> 22501 | R9: ='고정)인적보험료'!N21 -> 2973 | S9: =M9 -> 1 | T9: =SUM(R9*S9) -> 2973 | U9: ='고정)인적보험료'!N22 -> 198 | V9: =P9 -> 1 | W9: =SUM(U9*V9) -> 198 | X9: =SUM(T9,N9,K9,H9,Q9,E9,W9) -> 525883 | Z9: ='고정)인적보험료집계'!A9 -> 관리팀 | AA9: =B9 -> 관리팀장 | AB9: =D9 -> 1 | AC9: =SUM(C9,F9,I9,L9,O9,R9,U9) -> 525883 | AD9: =TRUNC(AB9*AC9) -> 525883
A10: =투입인원!A10 -> 관리팀 | B10: =투입인원!B10 -> 관리팀원 | C10: ='고정)인적보험료'!N24 -> 27883 | D10: =투입인원!F10 -> 1 | E10: =SUM(C10*D10) -> 27883 | F10: ='고정)인적보험료'!N25 -> 139417 | G10: =D10 -> 1 | H10: =SUM(F10*G10) -> 139417 | I10: ='고정)인적보험료'!N26 -> 35628 | J10: =G10 -> 1 | K10: =SUM(I10*J10) -> 35628 | L10: ='고정)인적보험료'!N27 -> 109830 | M10: =J10 -> 1 | N10: =SUM(L10*M10) -> 109830 | O10: ='고정)인적보험료'!N28 -> 14069 | P10: =M10 -> 1 | Q10: =SUM(O10*P10) -> 14069 | R10: ='고정)인적보험료'!N29 -> 1858 | S10: =M10 -> 1 | T10: =SUM(R10*S10) -> 1858 | U10: ='고정)인적보험료'!N30 -> 123 | V10: =P10 -> 1 | W10: =SUM(U10*V10) -> 123 | X10: =SUM(T10,N10,K10,H10,Q10,E10,W10) -> 328808
A11: =투입인원!A11 -> 운영팀 | B11: =투입인원!B11 -> 전기팀장 | C11: ='고정)인적보험료'!N32 -> 37453 | D11: =투입인원!F11 -> 2 | E11: =SUM(C11*D11) -> 74906 | F11: ='고정)인적보험료'!N33 -> 187268 | G11: =D11 -> 2 | H11: =SUM(F11*G11) -> 374536 | I11: ='고정)인적보험료'!N34 -> 47857 | J11: =G11 -> 2 | K11: =SUM(I11*J11) -> 95714 | L11: ='고정)인적보험료'!N35 -> 147526 | M11: =J11 -> 2 | N11: =SUM(L11*M11) -> 295052 | O11: ='고정)인적보험료'!N36 -> 18898 | P11: =M11 -> 2 | Q11: =SUM(O11*P11) -> 37796 | R11: ='고정)인적보험료'!N37 -> 2496 | S11: =M11 -> 2 | T11: =SUM(R11*S11) -> 4992 | U11: ='고정)인적보험료'!N38 -> 166 | V11: =P11 -> 2 | W11: =SUM(U11*V11) -> 332 | X11: =SUM(T11,N11,K11,H11,Q11,E11,W11) -> 883328 | Z11: ='고정)인적보험료집계'!A11 -> 운영팀 | AA11: =B11 -> 전기팀장 | AB11: =D11 -> 2 | AC11: =SUM(C11,F11,I11,L11,O11,R11,U11) -> 441664 | AD11: =TRUNC(AB11*AC11) -> 883328
A12: =투입인원!A12 -> 운영팀 | B12: =투입인원!B12 -> 기계팀장 | C12: ='고정)인적보험료'!N40 -> 37453 | D12: =투입인원!F12 -> 2 | E12: =SUM(C12*D12) -> 74906 | F12: ='고정)인적보험료'!N41 -> 187268 | G12: =D12 -> 2 | H12: =SUM(F12*G12) -> 374536 | I12: ='고정)인적보험료'!N42 -> 47857 | J12: =G12 -> 2 | K12: =SUM(I12*J12) -> 95714 | L12: ='고정)인적보험료'!N43 -> 147526 | M12: =J12 -> 2 | N12: =SUM(L12*M12) -> 295052 | O12: ='고정)인적보험료'!N44 -> 18898 | P12: =M12 -> 2 | Q12: =SUM(O12*P12) -> 37796 | R12: ='고정)인적보험료'!N45 -> 2496 | S12: =M12 -> 2 | T12: =SUM(R12*S12) -> 4992 | U12: ='고정)인적보험료'!N46 -> 166 | V12: =P12 -> 2 | W12: =SUM(U12*V12) -> 332 | X12: =SUM(T12,N12,K12,H12,Q12,E12,W12) -> 883328 | Z12: ='고정)인적보험료집계'!A12 -> 운영팀 | AA12: =B12 -> 기계팀장 | AB12: =D12 -> 2 | AC12: =SUM(C12,F12,I12,L12,O12,R12,U12) -> 441664 | AD12: =TRUNC(AB12*AC12) -> 883328
A13: =투입인원!A13 -> 운영팀 | B13: =투입인원!B13 -> 전기담당 | C13: ='고정)인적보험료'!N48 -> 32995 | D13: =투입인원!F13 -> 2 | E13: =SUM(C13*D13) -> 65990 | F13: ='고정)인적보험료'!N49 -> 164976 | G13: =D13 -> 2 | H13: =SUM(F13*G13) -> 329952 | I13: ='고정)인적보험료'!N50 -> 42160 | J13: =G13 -> 2 | K13: =SUM(I13*J13) -> 84320 | L13: ='고정)인적보험료'!N51 -> 129964 | M13: =J13 -> 2 | N13: =SUM(L13*M13) -> 259928 | O13: ='고정)인적보험료'!N52 -> 16648 | P13: =M13 -> 2 | Q13: =SUM(O13*P13) -> 33296 | R13: ='고정)인적보험료'!N53 -> 2199 | S13: =M13 -> 2 | T13: =SUM(R13*S13) -> 4398 | U13: ='고정)인적보험료'!N54 -> 146 | V13: =P13 -> 2 | W13: =SUM(U13*V13) -> 292 | X13: =SUM(T13,N13,K13,H13,Q13,E13,W13) -> 778176 | Z13: ='고정)인적보험료집계'!A13 -> 운영팀 | AA13: =B13 -> 전기담당 | AB13: =D13 -> 2 | AC13: =SUM(C13,F13,I13,L13,O13,R13,U13) -> 389088 | AD13: =TRUNC(AB13*AC13) -> 778176
A14: =투입인원!A14 -> 운영팀 | B14: =투입인원!B14 -> 기계담당 | C14: ='고정)인적보험료'!N56 -> 32995 | D14: =투입인원!F14 -> 2 | E14: =SUM(C14*D14) -> 65990 | F14: ='고정)인적보험료'!N57 -> 164976 | G14: =D14 -> 2 | H14: =SUM(F14*G14) -> 329952 | I14: ='고정)인적보험료'!N58 -> 42160 | J14: =G14 -> 2 | K14: =SUM(I14*J14) -> 84320 | L14: ='고정)인적보험료'!N59 -> 129964 | M14: =J14 -> 2 | N14: =SUM(L14*M14) -> 259928 | O14: ='고정)인적보험료'!N60 -> 16648 | P14: =M14 -> 2 | Q14: =SUM(O14*P14) -> 33296 | R14: ='고정)인적보험료'!N61 -> 2199 | S14: =M14 -> 2 | T14: =SUM(R14*S14) -> 4398 | U14: ='고정)인적보험료'!N62 -> 146 | V14: =P14 -> 2 | W14: =SUM(U14*V14) -> 292 | X14: =SUM(T14,N14,K14,H14,Q14,E14,W14) -> 778176 | Z14: ='고정)인적보험료집계'!A14 -> 운영팀 | AA14: =B14 -> 기계담당 | AB14: =D14 -> 2 | AC14: =SUM(C14,F14,I14,L14,O14,R14,U14) -> 389088 | AD14: =TRUNC(AB14*AC14) -> 778176
A15: =투입인원!A15 -> 운영팀 | B15: =투입인원!B15 -> 전기담당 | C15: ='고정)인적보험료'!N64 -> 35673 | D15: =투입인원!F15 -> 1 | E15: =SUM(C15*D15) -> 35673 | F15: ='고정)인적보험료'!N65 -> 178365 | G15: =D15 -> 1 | H15: =SUM(F15*G15) -> 178365 | I15: ='고정)인적보험료'!N66 -> 45582 | J15: =G15 -> 1 | K15: =SUM(I15*J15) -> 45582 | L15: ='고정)인적보험료'!N67 -> 140512 | M15: =J15 -> 1 | N15: =SUM(L15*M15) -> 140512 | O15: ='고정)인적보험료'!N68 -> 17999 | P15: =M15 -> 1 | Q15: =SUM(O15*P15) -> 17999 | R15: ='고정)인적보험료'!N69 -> 2378 | S15: =M15 -> 1 | T15: =SUM(R15*S15) -> 2378 | U15: ='고정)인적보험료'!N70 -> 158 | V15: =P15 -> 1 | W15: =SUM(U15*V15) -> 158 | X15: =SUM(T15,N15,K15,H15,Q15,E15,W15) -> 420667 | Z15: ='고정)인적보험료집계'!A15 -> 운영팀 | AA15: =B15 -> 전기담당 | AB15: =D15 -> 1 | AC15: =SUM(C15,F15,I15,L15,O15,R15,U15) -> 420667 | AD15: =TRUNC(AB15*AC15) -> 420667
A16: =투입인원!A16 -> 운영팀 | B16: =투입인원!B16 -> 기계담당 | C16: ='고정)인적보험료'!N72 -> 35673 | D16: =투입인원!F16 -> 1 | E16: =SUM(C16*D16) -> 35673 | F16: ='고정)인적보험료'!N73 -> 178365 | G16: =D16 -> 1 | H16: =SUM(F16*G16) -> 178365 | I16: ='고정)인적보험료'!N74 -> 45582 | J16: =G16 -> 1 | K16: =SUM(I16*J16) -> 45582 | L16: ='고정)인적보험료'!N75 -> 140512 | M16: =J16 -> 1 | N16: =SUM(L16*M16) -> 140512 | O16: ='고정)인적보험료'!N76 -> 17999 | P16: =M16 -> 1 | Q16: =SUM(O16*P16) -> 17999 | R16: ='고정)인적보험료'!N77 -> 2378 | S16: =M16 -> 1 | T16: =SUM(R16*S16) -> 2378 | U16: ='고정)인적보험료'!N78 -> 158 | V16: =P16 -> 1 | W16: =SUM(U16*V16) -> 158 | X16: =SUM(T16,N16,K16,H16,Q16,E16,W16) -> 420667 | Z16: ='고정)인적보험료집계'!A16 -> 운영팀 | AA16: =B16 -> 기계담당 | AB16: =D16 -> 1 | AC16: =SUM(C16,F16,I16,L16,O16,R16,U16) -> 420667 | AD16: =TRUNC(AB16*AC16) -> 420667
A17: =투입인원!A17 -> 운영팀 | B17: =투입인원!B17 -> 전기담당 | C17: ='고정)인적보험료'!N80 -> 31740 | D17: =투입인원!F17 -> 2 | E17: =SUM(C17*D17) -> 63480 | F17: ='고정)인적보험료'!N81 -> 158703 | G17: =D17 -> 2 | H17: =SUM(F17*G17) -> 317406 | I17: ='고정)인적보험료'!N82 -> 40557 | J17: =G17 -> 2 | K17: =SUM(I17*J17) -> 81114 | L17: ='고정)인적보험료'!N83 -> 125023 | M17: =J17 -> 2 | N17: =SUM(L17*M17) -> 250046 | O17: ='고정)인적보험료'!N84 -> 16015 | P17: =M17 -> 2 | Q17: =SUM(O17*P17) -> 32030 | R17: ='고정)인적보험료'!N85 -> 2116 | S17: =M17 -> 2 | T17: =SUM(R17*S17) -> 4232 | U17: ='고정)인적보험료'!N86 -> 141 | V17: =P17 -> 2 | W17: =SUM(U17*V17) -> 282 | X17: =SUM(T17,N17,K17,H17,Q17,E17,W17) -> 748590 | Z17: ='고정)인적보험료집계'!A17 -> 운영팀 | AA17: =B17 -> 전기담당 | AB17: =D17 -> 2 | AC17: =SUM(C17,F17,I17,L17,O17,R17,U17) -> 374295 | AD17: =TRUNC(AB17*AC17) -> 748590
A18: =투입인원!A18 -> 운영팀 | B18: =투입인원!B18 -> 기계담당 | C18: ='고정)인적보험료'!N88 -> 31740 | D18: =투입인원!F18 -> 2 | E18: =SUM(C18*D18) -> 63480 | F18: ='고정)인적보험료'!N89 -> 158703 | G18: =D18 -> 2 | H18: =SUM(F18*G18) -> 317406 | I18: ='고정)인적보험료'!N90 -> 40557 | J18: =G18 -> 2 | K18: =SUM(I18*J18) -> 81114 | L18: ='고정)인적보험료'!N91 -> 125023 | M18: =J18 -> 2 | N18: =SUM(L18*M18) -> 250046 | O18: ='고정)인적보험료'!N92 -> 16015 | P18: =M18 -> 2 | Q18: =SUM(O18*P18) -> 32030 | R18: ='고정)인적보험료'!N93 -> 2116 | S18: =M18 -> 2 | T18: =SUM(R18*S18) -> 4232 | U18: ='고정)인적보험료'!N94 -> 141 | V18: =P18 -> 2 | W18: =SUM(U18*V18) -> 282 | X18: =SUM(T18,N18,K18,H18,Q18,E18,W18) -> 748590 | Z18: ='고정)인적보험료집계'!A18 -> 운영팀 | AA18: =B18 -> 기계담당 | AB18: =D18 -> 2 | AC18: =SUM(C18,F18,I18,L18,O18,R18,U18) -> 374295 | AD18: =TRUNC(AB18*AC18) -> 748590
A19: =투입인원!A19 -> 운영팀 | B19: =투입인원!B19 -> 전기담당 | C19: ='고정)인적보험료'!N96 -> 27883 | D19: =투입인원!F19 -> 1 | E19: =SUM(C19*D19) -> 27883 | F19: ='고정)인적보험료'!N97 -> 139417 | G19: =D19 -> 1 | H19: =SUM(F19*G19) -> 139417 | I19: ='고정)인적보험료'!N98 -> 35628 | J19: =G19 -> 1 | K19: =SUM(I19*J19) -> 35628 | L19: ='고정)인적보험료'!N99 -> 109830 | M19: =J19 -> 1 | N19: =SUM(L19*M19) -> 109830 | O19: ='고정)인적보험료'!N100 -> 14069 | P19: =M19 -> 1 | Q19: =SUM(O19*P19) -> 14069 | R19: ='고정)인적보험료'!N101 -> 1858 | S19: =M19 -> 1 | T19: =SUM(R19*S19) -> 1858 | U19: ='고정)인적보험료'!N102 -> 123 | V19: =P19 -> 1 | W19: =SUM(U19*V19) -> 123 | X19: =SUM(T19,N19,K19,H19,Q19,E19,W19) -> 328808 | Z19: ='고정)인적보험료집계'!A19 -> 운영팀
A20: =투입인원!A20 -> 운영팀 | B20: =투입인원!B20 -> 기계담당 | C20: ='고정)인적보험료'!N104 -> 27883 | D20: =투입인원!F20 -> 1 | E20: =SUM(C20*D20) -> 27883 | F20: ='고정)인적보험료'!N105 -> 139417 | G20: =D20 -> 1 | H20: =SUM(F20*G20) -> 139417 | I20: ='고정)인적보험료'!N106 -> 35628 | J20: =G20 -> 1 | K20: =SUM(I20*J20) -> 35628 | L20: ='고정)인적보험료'!N107 -> 109830 | M20: =J20 -> 1 | N20: =SUM(L20*M20) -> 109830 | O20: ='고정)인적보험료'!N108 -> 14069 | P20: =M20 -> 1 | Q20: =SUM(O20*P20) -> 14069 | R20: ='고정)인적보험료'!N109 -> 1858 | S20: =M20 -> 1 | T20: =SUM(R20*S20) -> 1858 | U20: ='고정)인적보험료'!N110 -> 123 | V20: =P20 -> 1 | W20: =SUM(U20*V20) -> 123 | X20: =SUM(T20,N20,K20,H20,Q20,E20,W20) -> 328808 | Z20: ='고정)인적보험료집계'!A20 -> 운영팀
A21: =투입인원!A21 -> 환경팀 | B21: =투입인원!B21 -> 환경팀장 | C21: ='고정)인적보험료'!N112 -> 27883 | D21: =투입인원!F21 -> 1 | E21: =SUM(C21*D21) -> 27883 | F21: ='고정)인적보험료'!N113 -> 139417 | G21: =D21 -> 1 | H21: =SUM(F21*G21) -> 139417 | I21: ='고정)인적보험료'!N114 -> 35628 | J21: =G21 -> 1 | K21: =SUM(I21*J21) -> 35628 | L21: ='고정)인적보험료'!N115 -> 109830 | M21: =J21 -> 1 | N21: =SUM(L21*M21) -> 109830 | O21: ='고정)인적보험료'!N116 -> 14069 | P21: =M21 -> 1 | Q21: =SUM(O21*P21) -> 14069 | R21: ='고정)인적보험료'!N117 -> 1858 | S21: =M21 -> 1 | T21: =SUM(R21*S21) -> 1858 | U21: ='고정)인적보험료'!N118 -> 123 | V21: =P21 -> 1 | W21: =SUM(U21*V21) -> 123 | X21: =SUM(T21,N21,K21,H21,Q21,E21,W21) -> 328808
A22: =투입인원!A22 -> 환경팀 | B22: =투입인원!B22 -> 환경팀원 | C22: ='고정)인적보험료'!N120 -> 24716 | D22: =투입인원!F22 -> 2 | E22: =SUM(C22*D22) -> 49432 | F22: ='고정)인적보험료'!N121 -> 123581 | G22: =D22 -> 2 | H22: =SUM(F22*G22) -> 247162 | I22: ='고정)인적보험료'!N122 -> 31581 | J22: =G22 -> 2 | K22: =SUM(I22*J22) -> 63162 | L22: ='고정)인적보험료'!N123 -> 97354 | M22: =J22 -> 2 | N22: =SUM(L22*M22) -> 194708 | O22: ='고정)인적보험료'!N124 -> 12471 | P22: =M22 -> 2 | Q22: =SUM(O22*P22) -> 24942 | R22: ='고정)인적보험료'!N125 -> 1647 | S22: =M22 -> 2 | T22: =SUM(R22*S22) -> 3294 | U22: ='고정)인적보험료'!N126 -> 109 | V22: =P22 -> 2 | W22: =SUM(U22*V22) -> 218 | X22: =SUM(T22,N22,K22,H22,Q22,E22,W22) -> 582918 | Z22: ='고정)인적보험료집계'!A22 -> 환경팀 | AA22: =B22 -> 환경팀원 | AB22: =D22 -> 2 | AC22: =SUM(C22,F22,I22,L22,O22,R22,U22) -> 291459 | AD22: =TRUNC(AB22*AC22) -> 582918
A23: =투입인원!A23 -> 운반팀 | B23: =투입인원!B23 -> 운전원 | C23: ='고정)인적보험료'!N128 -> 27883 | D23: =투입인원!F23 -> 1 | E23: =SUM(C23*D23) -> 27883 | F23: ='고정)인적보험료'!N129 -> 139417 | G23: =D23 -> 1 | H23: =SUM(F23*G23) -> 139417 | I23: ='고정)인적보험료'!N130 -> 35628 | J23: =G23 -> 1 | K23: =SUM(I23*J23) -> 35628 | L23: ='고정)인적보험료'!N131 -> 109830 | M23: =J23 -> 1 | N23: =SUM(L23*M23) -> 109830 | O23: ='고정)인적보험료'!N132 -> 14069 | P23: =M23 -> 1 | Q23: =SUM(O23*P23) -> 14069 | R23: ='고정)인적보험료'!N133 -> 1858 | S23: =M23 -> 1 | T23: =SUM(R23*S23) -> 1858 | U23: ='고정)인적보험료'!N134 -> 123 | V23: =P23 -> 1 | W23: =SUM(U23*V23) -> 123 | X23: =SUM(T23,N23,K23,H23,Q23,E23,W23) -> 328808
A24: =투입인원!A24 -> 운반팀 | B24: =투입인원!B24 -> 운반팀원 | C24: ='고정)인적보험료'!N136 -> 24716 | D24: =투입인원!F24 -> 2 | E24: =SUM(C24*D24) -> 49432 | F24: ='고정)인적보험료'!N137 -> 123581 | G24: =D24 -> 2 | H24: =SUM(F24*G24) -> 247162 | I24: ='고정)인적보험료'!N138 -> 31581 | J24: =G24 -> 2 | K24: =SUM(I24*J24) -> 63162 | L24: ='고정)인적보험료'!N139 -> 97354 | M24: =J24 -> 2 | N24: =SUM(L24*M24) -> 194708 | O24: ='고정)인적보험료'!N140 -> 12471 | P24: =M24 -> 2 | Q24: =SUM(O24*P24) -> 24942 | R24: ='고정)인적보험료'!N141 -> 1647 | S24: =M24 -> 2 | T24: =SUM(R24*S24) -> 3294 | U24: ='고정)인적보험료'!N142 -> 109 | V24: =P24 -> 2 | W24: =SUM(U24*V24) -> 218 | X24: =SUM(T24,N24,K24,H24,Q24,E24,W24) -> 582918
A25: 계 | D25: =SUM(D8:D24) -> 25 | E25: =SUM(E8:E24) -> 802882 | G25: =SUM(G8:G24) -> 25 | H25: =SUM(H8:H24) -> 4014456 | J25: =SUM(J8:J24) -> 25 | K25: =SUM(K8:K24) -> 1025903 | M25: =SUM(M8:M24) -> 25 | N25: =SUM(N8:N24) -> 3162501 | P25: =SUM(P8:P24) -> 25 | Q25: =SUM(Q8:Q24) -> 405109 | S25: =SUM(S8:S24) -> 25 | T25: =SUM(T8:T24) -> 53511 | V25: =SUM(V8:V24) -> 25 | W25: =SUM(W8:W24) -> 3554 | X25: =SUM(T25,N25,K25,H25,Q25,E25,W25) -> 9467916 | Z25: ='고정)인적보험료집계'!A25 -> 계 | AB25: =SUM(AB8:AB22) -> 18 | AD25: =SUM(AD8:AD22) -> 7240958
A26: ="주 1) 단위(1인)당보험료 : "&'고정)인적보험료'!A1&'고정)인적보험료'!A2&" 참조" -> 주 1) 단위(1인)당보험료 : [ 표 : 18 ] 단위(1인)당 보험료산출표 참조
A27: =" 2) 투입인원 : "&투입인원!A1&투입인원!A2&" 참조" -> 2) 투입인원 : [ 표 : 12 ] 적용직종 및 근무형태 참조

Sheet 고정)인적보험료
A1: ="[ 표 : "&P1&" ] " -> [ 표 : 18 ] | P1: ='고정)인적보험료집계'!Y1+1 -> 18
A2: 단위(1인)당 보험료산출표
O4: 단위 : 원/월
A5: 구 분 | B5: 직 책 명 | D5: 직 종 명 | G5: 비 목 | I5: 적 용 대 상 액 주1) | M5: 비율(%) | N5: 금 액 | O5: 비 고
I6: 기본급 | J6: 제수당 | K6: 상여금 | L6: 계
M7: 주 2)
A8: =인건비집계!$A$8 -> 관리팀 | B8: =인건비집계!$B$8 -> 관리소장 | D8: =인건비집계!$D$8 -> 고급기술자 | G8: 산재보험료 | I8: =인건비집계!$F$8 -> 3145125 | J8: =인건비집계!$I$8 -> 241000 | K8: =인건비집계!$L$8 -> 1048375 | L8: =SUM(I8:K8) -> 4434500 | M8: =보험료산정기준!$I$7 -> 0.9 | N8: =TRUNC(L8*M8%,0) -> 39910
G9: 국민연금 | I9: =I8 -> 3145125 | J9: =J8 -> 241000 | K9: =K8 -> 1048375 | L9: =L8 -> 4434500 | M9: =보험료산정기준!$I$8 -> 4.5 | N9: =TRUNC(L9*M9%,0) -> 199552
G10: 고용보험료 | I10: =I9 -> 3145125 | J10: =J9 -> 241000 | K10: =K9 -> 1048375 | L10: =L9 -> 4434500 | M10: =보험료산정기준!$I$9 -> 1.15 | N10: =TRUNC(L10*M10%,0) -> 50996
G11: 국민건강보험료 | I11: =I10 -> 3145125 | J11: =J10 -> 241000 | K11: =K10 -> 1048375 | L11: =L10 -> 4434500 | M11: =보험료산정기준!$I$10 -> 3.545 | N11: =TRUNC(L11*M11%,0) -> 157203
G12: 노인장기요양보험료 | L12: =N11 -> 157203 | M12: =보험료산정기준!$I$11 -> 12.81 | N12: =TRUNC(L12*M12%,0) -> 20137
G13: 임금채권보장보험료 | I13: =I9 -> 3145125 | J13: =J9 -> 241000 | K13: =K9 -> 1048375 | L13: =L9 -> 4434500 | M13: =보험료산정기준!$I$12 -> 0.06 | N13: =TRUNC(L13*M13%,0) -> 2660
G14: 석면피해구제분담금 | I14: =I10 -> 3145125 | J14: =J10 -> 241000 | K14: =K10 -> 1048375 | L14: =L10 -> 4434500 | M14: =보험료산정기준!$I$13 -> 0.004 | N14: =TRUNC(L14*M14%,0) -> 177
G15: 소계 | N15: =SUM(N8:N14) -> 470635
A16: =인건비집계!$A$9 -> 관리팀 | B16: =인건비집계!$B$9 -> 관리팀장 | D16: =인건비집계!$D$9 -> 고급기술자 | G16: 산재보험료 | I16: =인건비집계!$F$9 -> 3145125 | J16: =인건비집계!$I$9 -> 761560 | K16: =인건비집계!$L$9 -> 1048375 | L16: =SUM(I16:K16) -> 4955060 | M16: =보험료산정기준!$I$7 -> 0.9 | N16: =TRUNC(L16*M16%,0) -> 44595
G17: 국민연금 | I17: =I16 -> 3145125 | J17: =J16 -> 761560 | K17: =K16 -> 1048375 | L17: =L16 -> 4955060 | M17: =보험료산정기준!$I$8 -> 4.5 | N17: =TRUNC(L17*M17%,0) -> 222977
G18: 고용보험료 | I18: =I17 -> 3145125 | J18: =J17 -> 761560 | K18: =K17 -> 1048375 | L18: =L17 -> 4955060 | M18: =보험료산정기준!$I$9 -> 1.15 | N18: =TRUNC(L18*M18%,0) -> 56983
G19: 국민건강보험료 | I19: =I18 -> 3145125 | J19: =J18 -> 761560 | K19: =K18 -> 1048375 | L19: =L18 -> 4955060 | M19: =보험료산정기준!$I$10 -> 3.545 | N19: =TRUNC(L19*M19%,0) -> 175656
G20: 노인장기요양보험료 | L20: =N19 -> 175656 | M20: =보험료산정기준!$I$11 -> 12.81 | N20: =TRUNC(L20*M20%,0) -> 22501
G21: 임금채권보장보험료 | I21: =I17 -> 3145125 | J21: =J17 -> 761560 | K21: =K17 -> 1048375 | L21: =L17 -> 4955060 | M21: =보험료산정기준!$I$12 -> 0.06 | N21: =TRUNC(L21*M21%,0) -> 2973
G22: 석면피해구제분담금 | I22: =I18 -> 3145125 | J22: =J18 -> 761560 | K22: =K18 -> 1048375 | L22: =L18 -> 4955060 | M22: =보험료산정기준!$I$13 -> 0.004 | N22: =TRUNC(L22*M22%,0) -> 198
G23: 소계 | N23: =SUM(N16:N22) -> 525883
A24: =인건비집계!$A$10 -> 관리팀 | B24: =인건비집계!$B$10 -> 관리팀원 | D24: =인건비집계!$D$10 -> 초급숙련기술자 | G24: 산재보험료 | I24: =인건비집계!$F$10 -> 1966517 | J24: =인건비집계!$I$10 -> 476148 | K24: =인건비집계!$L$10 -> 655505 | L24: =SUM(I24:K24) -> 3098170 | M24: =보험료산정기준!$I$7 -> 0.9 | N24: =TRUNC(L24*M24%,0) -> 27883
G25: 국민연금 | I25: =I24 -> 1966517 | J25: =J24 -> 476148 | K25: =K24 -> 655505 | L25: =L24 -> 3098170 | M25: =보험료산정기준!$I$8 -> 4.5 | N25: =TRUNC(L25*M25%,0) -> 139417
G26: 고용보험료 | I26: =I25 -> 1966517 | J26: =J25 -> 476148 | K26: =K25 -> 655505 | L26: =L25 -> 3098170 | M26: =보험료산정기준!$I$9 -> 1.15 | N26: =TRUNC(L26*M26%,0) -> 35628
G27: 국민건강보험료 | I27: =I26 -> 1966517 | J27: =J26 -> 476148 | K27: =K26 -> 655505 | L27: =L26 -> 3098170 | M27: =보험료산정기준!$I$10 -> 3.545 | N27: =TRUNC(L27*M27%,0) -> 109830
G28: 노인장기요양보험료 | L28: =N27 -> 109830 | M28: =보험료산정기준!$I$11 -> 12.81 | N28: =TRUNC(L28*M28%,0) -> 14069
G29: 임금채권보장보험료 | I29: =I25 -> 1966517 | J29: =J25 -> 476148 | K29: =K25 -> 655505 | L29: =L25 -> 3098170 | M29: =보험료산정기준!$I$12 -> 0.06 | N29: =TRUNC(L29*M29%,0) -> 1858
G30: 석면피해구제분담금 | I30: =I26 -> 1966517 | J30: =J26 -> 476148 | K30: =K26 -> 655505 | L30: =L26 -> 3098170 | M30: =보험료산정기준!$I$13 -> 0.004 | N30: =TRUNC(L30*M30%,0) -> 123
G31: 소계 | N31: =SUM(N24:N30) -> 328808
A32: =인건비집계!$A$11 -> 운영팀 | B32: =인건비집계!$B$11 -> 전기팀장 | D32: =인건비집계!$D$11 -> 중급기술자 | G32: 산재보험료 | I32: =인건비집계!$F$11 -> 2641455 | J32: =인건비집계!$I$11 -> 639584 | K32: =인건비집계!$L$11 -> 880485 | L32: =SUM(I32:K32) -> 4161524 | M32: =보험료산정기준!$I$7 -> 0.9 | N32: =TRUNC(L32*M32%,0) -> 37453
G33: 국민연금 | I33: =I32 -> 2641455 | J33: =J32 -> 639584 | K33: =K32 -> 880485 | L33: =L32 -> 4161524 | M33: =보험료산정기준!$I$8 -> 4.5 | N33: =TRUNC(L33*M33%,0) -> 187268
G34: 고용보험료 | I34: =I33 -> 2641455 | J34: =J33 -> 639584 | K34: =K33 -> 880485 | L34: =L33 -> 4161524 | M34: =보험료산정기준!$I$9 -> 1.15 | N34: =TRUNC(L34*M34%,0) -> 47857
G35: 국민건강보험료 | I35: =I34 -> 2641455 | J35: =J34 -> 639584 | K35: =K34 -> 880485 | L35: =L34 -> 4161524 | M35: =보험료산정기준!$I$10 -> 3.545 | N35: =TRUNC(L35*M35%,0) -> 147526
G36: 노인장기요양보험료 | L36: =N35 -> 147526 | M36: =보험료산정기준!$I$11 -> 12.81 | N36: =TRUNC(L36*M36%,0) -> 18898
G37: 임금채권보장보험료 | I37: =I33 -> 2641455 | J37: =J33 -> 639584 | K37: =K33 -> 880485 | L37: =L33 -> 4161524 | M37: =보험료산정기준!$I$12 -> 0.06 | N37: =TRUNC(L37*M37%,0) -> 2496
G38: 석면피해구제분담금 | I38: =I34 -> 2641455 | J38: =J34 -> 639584 | K38: =K34 -> 880485 | L38: =L34 -> 4161524 | M38: =보험료산정기준!$I$13 -> 0.004 | N38: =TRUNC(L38*M38%,0) -> 166
G39: 소계 | N39: =SUM(N32:N38) -> 441664
A40: =인건비집계!$A$12 -> 운영팀 | B40: =인건비집계!$B$12 -> 기계팀장 | D40: =인건비집계!$D$12 -> 중급기술자 | G40: 산재보험료 | I40: =인건비집계!$F$12 -> 2641455 | J40: =인건비집계!$I$12 -> 639584 | K40: =인건비집계!$L$12 -> 880485 | L40: =SUM(I40:K40) -> 4161524 | M40: =보험료산정기준!$I$7 -> 0.9 | N40: =TRUNC(L40*M40%,0) -> 37453
G41: 국민연금 | I41: =I40 -> 2641455 | J41: =J40 -> 639584 | K41: =K40 -> 880485 | L41: =L40 -> 4161524 | M41: =보험료산정기준!$I$8 -> 4.5 | N41: =TRUNC(L41*M41%,0) -> 187268
G42: 고용보험료 | I42: =I41 -> 2641455 | J42: =J41 -> 639584 | K42: =K41 -> 880485 | L42: =L41 -> 4161524 | M42: =보험료산정기준!$I$9 -> 1.15 | N42: =TRUNC(L42*M42%,0) -> 47857
G43: 국민건강보험료 | I43: =I42 -> 2641455 | J43: =J42 -> 639584 | K43: =K42 -> 880485 | L43: =L42 -> 4161524 | M43: =보험료산정기준!$I$10 -> 3.545 | N43: =TRUNC(L43*M43%,0) -> 147526
G44: 노인장기요양보험료 | L44: =N43 -> 147526 | M44: =보험료산정기준!$I$11 -> 12.81 | N44: =TRUNC(L44*M44%,0) -> 18898
G45: 임금채권보장보험료 | I45: =I41 -> 2641455 | J45: =J41 -> 639584 | K45: =K41 -> 880485 | L45: =L41 -> 4161524 | M45: =보험료산정기준!$I$12 -> 0.06 | N45: =TRUNC(L45*M45%,0) -> 2496
G46: 석면피해구제분담금 | I46: =I42 -> 2641455 | J46: =J42 -> 639584 | K46: =K42 -> 880485 | L46: =L42 -> 4161524 | M46: =보험료산정기준!$I$13 -> 0.004 | N46: =TRUNC(L46*M46%,0) -> 166
G47: 소계 | N47: =SUM(N40:N46) -> 441664
A48: =인건비집계!$A$13 -> 운영팀 | B48: =인건비집계!$B$13 -> 전기담당 | D48: =인건비집계!$D$13 -> 초급기술자 | G48: 산재보험료 | I48: =인건비집계!$F$13 -> 2327017 | J48: =인건비집계!$I$13 -> 563459 | K48: =인건비집계!$L$13 -> 775672 | L48: =SUM(I48:K48) -> 3666148 | M48: =보험료산정기준!$I$7 -> 0.9 | N48: =TRUNC(L48*M48%,0) -> 32995
G49: 국민연금 | I49: =I48 -> 2327017 | J49: =J48 -> 563459 | K49: =K48 -> 775672 | L49: =L48 -> 3666148 | M49: =보험료산정기준!$I$8 -> 4.5 | N49: =TRUNC(L49*M49%,0) -> 164976
G50: 고용보험료 | I50: =I49 -> 2327017 | J50: =J49 -> 563459 | K50: =K49 -> 775672 | L50: =L49 -> 3666148 | M50: =보험료산정기준!$I$9 -> 1.15 | N50: =TRUNC(L50*M50%,0) -> 42160
G51: 국민건강보험료 | I51: =I50 -> 2327017 | J51: =J50 -> 563459 | K51: =K50 -> 775672 | L51: =L50 -> 3666148 | M51: =보험료산정기준!$I$10 -> 3.545 | N51: =TRUNC(L51*M51%,0) -> 129964
G52: 노인장기요양보험료 | L52: =N51 -> 129964 | M52: =보험료산정기준!$I$11 -> 12.81 | N52: =TRUNC(L52*M52%,0) -> 16648
G53: 임금채권보장보험료 | I53: =I49 -> 2327017 | J53: =J49 -> 563459 | K53: =K49 -> 775672 | L53: =L49 -> 3666148 | M53: =보험료산정기준!$I$12 -> 0.06 | N53: =TRUNC(L53*M53%,0) -> 2199
G54: 석면피해구제분담금 | I54: =I50 -> 2327017 | J54: =J50 -> 563459 | K54: =K50 -> 775672 | L54: =L50 -> 3666148 | M54: =보험료산정기준!$I$13 -> 0.004 | N54: =TRUNC(L54*M54%,0) -> 146
G55: 소계 | N55: =SUM(N48:N54) -> 389088
A56: =인건비집계!$A$14 -> 운영팀 | B56: =인건비집계!$B$14 -> 기계담당 | D56: =인건비집계!$D$14 -> 초급기술자 | G56: 산재보험료 | I56: =인건비집계!$F$14 -> 2327017 | J56: =인건비집계!$I$14 -> 563459 | K56: =인건비집계!$L$14 -> 775672 | L56: =SUM(I56:K56) -> 3666148 | M56: =보험료산정기준!$I$7 -> 0.9 | N56: =TRUNC(L56*M56%,0) -> 32995
G57: 국민연금 | I57: =I56 -> 2327017 | J57: =J56 -> 563459 | K57: =K56 -> 775672 | L57: =L56 -> 3666148 | M57: =보험료산정기준!$I$8 -> 4.5 | N57: =TRUNC(L57*M57%,0) -> 164976
G58: 고용보험료 | I58: =I57 -> 2327017 | J58: =J57 -> 563459 | K58: =K57 -> 775672 | L58: =L57 -> 3666148 | M58: =보험료산정기준!$I$9 -> 1.15 | N58: =TRUNC(L58*M58%,0) -> 42160
G59: 국민건강보험료 | I59: =I58 -> 2327017 | J59: =J58 -> 563459 | K59: =K58 -> 775672 | L59: =L58 -> 3666148 | M59: =보험료산정기준!$I$10 -> 3.545 | N59: =TRUNC(L59*M59%,0) -> 129964
G60: 노인장기요양보험료 | L60: =N59 -> 129964 | M60: =보험료산정기준!$I$11 -> 12.81 | N60: =TRUNC(L60*M60%,0) -> 16648
G61: 임금채권보장보험료 | I61: =I57 -> 2327017 | J61: =J57 -> 563459 | K61: =K57 -> 775672 | L61: =L57 -> 3666148 | M61: =보험료산정기준!$I$12 -> 0.06 | N61: =TRUNC(L61*M61%,0) -> 2199
G62: 석면피해구제분담금 | I62: =I58 -> 2327017 | J62: =J58 -> 563459 | K62: =K58 -> 775672 | L62: =L58 -> 3666148 | M62: =보험료산정기준!$I$13 -> 0.004 | N62: =TRUNC(L62*M62%,0) -> 146
G63: 소계 | N63: =SUM(N56:N62) -> 389088
A64: =인건비집계!$A$15 -> 운영팀 | B64: =인건비집계!$B$15 -> 전기담당 | D64: =인건비집계!$D$15 -> 고급숙련기술자 | G64: 산재보험료 | I64: =인건비집계!$F$15 -> 2515878 | J64: =인건비집계!$I$15 -> 609184 | K64: =인건비집계!$L$15 -> 838626 | L64: =SUM(I64:K64) -> 3963688 | M64: =보험료산정기준!$I$7 -> 0.9 | N64: =TRUNC(L64*M64%,0) -> 35673
G65: 국민연금 | I65: =I64 -> 2515878 | J65: =J64 -> 609184 | K65: =K64 -> 838626 | L65: =L64 -> 3963688 | M65: =보험료산정기준!$I$8 -> 4.5 | N65: =TRUNC(L65*M65%,0) -> 178365
G66: 고용보험료 | I66: =I65 -> 2515878 | J66: =J65 -> 609184 | K66: =K65 -> 838626 | L66: =L65 -> 3963688 | M66: =보험료산정기준!$I$9 -> 1.15 | N66: =TRUNC(L66*M66%,0) -> 45582
G67: 국민건강보험료 | I67: =I66 -> 2515878 | J67: =J66 -> 609184 | K67: =K66 -> 838626 | L67: =L66 -> 3963688 | M67: =보험료산정기준!$I$10 -> 3.545 | N67: =TRUNC(L67*M67%,0) -> 140512
G68: 노인장기요양보험료 | L68: =N67 -> 140512 | M68: =보험료산정기준!$I$11 -> 12.81 | N68: =TRUNC(L68*M68%,0) -> 17999
G69: 임금채권보장보험료 | I69: =I65 -> 2515878 | J69: =J65 -> 609184 | K69: =K65 -> 838626 | L69: =L65 -> 3963688 | M69: =보험료산정기준!$I$12 -> 0.06 | N69: =TRUNC(L69*M69%,0) -> 2378
G70: 석면피해구제분담금 | I70: =I66 -> 2515878 | J70: =J66 -> 609184 | K70: =K66 -> 838626 | L70: =L66 -> 3963688 | M70: =보험료산정기준!$I$13 -> 0.004 | N70: =TRUNC(L70*M70%,0) -> 158
G71: 소계 | N71: =SUM(N64:N70) -> 420667
A72: =인건비집계!$A$16 -> 운영팀 | B72: =인건비집계!$B$16 -> 기계담당 | D72: =인건비집계!$D$16 -> 고급숙련기술자 | G72: 산재보험료 | I72: =인건비집계!$F$16 -> 2515878 | J72: =인건비집계!$I$16 -> 609184 | K72: =인건비집계!$L$16 -> 838626 | L72: =SUM(I72:K72) -> 3963688 | M72: =보험료산정기준!$I$7 -> 0.9 | N72: =TRUNC(L72*M72%,0) -> 35673
G73: 국민연금 | I73: =I72 -> 2515878 | J73: =J72 -> 609184 | K73: =K72 -> 838626 | L73: =L72 -> 3963688 | M73: =보험료산정기준!$I$8 -> 4.5 | N73: =TRUNC(L73*M73%,0) -> 178365
G74: 고용보험료 | I74: =I73 -> 2515878 | J74: =J73 -> 609184 | K74: =K73 -> 838626 | L74: =L73 -> 3963688 | M74: =보험료산정기준!$I$9 -> 1.15 | N74: =TRUNC(L74*M74%,0) -> 45582
G75: 국민건강보험료 | I75: =I74 -> 2515878 | J75: =J74 -> 609184 | K75: =K74 -> 838626 | L75: =L74 -> 3963688 | M75: =보험료산정기준!$I$10 -> 3.545 | N75: =TRUNC(L75*M75%,0) -> 140512
G76: 노인장기요양보험료 | L76: =N75 -> 140512 | M76: =보험료산정기준!$I$11 -> 12.81 | N76: =TRUNC(L76*M76%,0) -> 17999
G77: 임금채권보장보험료 | I77: =I73 -> 2515878 | J77: =J73 -> 609184 | K77: =K73 -> 838626 | L77: =L73 -> 3963688 | M77: =보험료산정기준!$I$12 -> 0.06 | N77: =TRUNC(L77*M77%,0) -> 2378
G78: 석면피해구제분담금 | I78: =I74 -> 2515878 | J78: =J74 -> 609184 | K78: =K74 -> 838626 | L78: =L74 -> 3963688 | M78: =보험료산정기준!$I$13 -> 0.004 | N78: =TRUNC(L78*M78%,0) -> 158
G79: 소계 | N79: =SUM(N72:N78) -> 420667
A80: =인건비집계!$A$17 -> 운영팀 | B80: =인건비집계!$B$17 -> 전기담당 | D80: =인건비집계!$D$17 -> 중급숙련기술자 | G80: 산재보험료 | I80: =인건비집계!$F$17 -> 2238540 | J80: =인건비집계!$I$17 -> 542034 | K80: =인건비집계!$L$17 -> 746180 | L80: =SUM(I80:K80) -> 3526754 | M80: =보험료산정기준!$I$7 -> 0.9 | N80: =TRUNC(L80*M80%,0) -> 31740
G81: 국민연금 | I81: =I80 -> 2238540 | J81: =J80 -> 542034 | K81: =K80 -> 746180 | L81: =L80 -> 3526754 | M81: =보험료산정기준!$I$8 -> 4.5 | N81: =TRUNC(L81*M81%,0) -> 158703
G82: 고용보험료 | I82: =I81 -> 2238540 | J82: =J81 -> 542034 | K82: =K81 -> 746180 | L82: =L81 -> 3526754 | M82: =보험료산정기준!$I$9 -> 1.15 | N82: =TRUNC(L82*M82%,0) -> 40557
G83: 국민건강보험료 | I83: =I82 -> 2238540 | J83: =J82 -> 542034 | K83: =K82 -> 746180 | L83: =L82 -> 3526754 | M83: =보험료산정기준!$I$10 -> 3.545 | N83: =TRUNC(L83*M83%,0) -> 125023
G84: 노인장기요양보험료 | L84: =N83 -> 125023 | M84: =보험료산정기준!$I$11 -> 12.81 | N84: =TRUNC(L84*M84%,0) -> 16015
G85: 임금채권보장보험료 | I85: =I81 -> 2238540 | J85: =J81 -> 542034 | K85: =K81 -> 746180 | L85: =L81 -> 3526754 | M85: =보험료산정기준!$I$12 -> 0.06 | N85: =TRUNC(L85*M85%,0) -> 2116
G86: 석면피해구제분담금 | I86: =I82 -> 2238540 | J86: =J82 -> 542034 | K86: =K82 -> 746180 | L86: =L82 -> 3526754 | M86: =보험료산정기준!$I$13 -> 0.004 | N86: =TRUNC(L86*M86%,0) -> 141
G87: 소계 | N87: =SUM(N80:N86) -> 374295
A88: =인건비집계!$A$18 -> 운영팀 | B88: =인건비집계!$B$18 -> 기계담당 | D88: =인건비집계!$D$18 -> 중급숙련기술자 | G88: 산재보험료 | I88: =인건비집계!$F$18 -> 2238540 | J88: =인건비집계!$I$18 -> 542034 | K88: =인건비집계!$L$18 -> 746180 | L88: =SUM(I88:K88) -> 3526754 | M88: =보험료산정기준!$I$7 -> 0.9 | N88: =TRUNC(L88*M88%,0) -> 31740
G89: 국민연금 | I89: =I88 -> 2238540 | J89: =J88 -> 542034 | K89: =K88 -> 746180 | L89: =L88 -> 3526754 | M89: =보험료산정기준!$I$8 -> 4.5 | N89: =TRUNC(L89*M89%,0) -> 158703
G90: 고용보험료 | I90: =I89 -> 2238540 | J90: =J89 -> 542034 | K90: =K89 -> 746180 | L90: =L89 -> 3526754 | M90: =보험료산정기준!$I$9 -> 1.15 | N90: =TRUNC(L90*M90%,0) -> 40557
G91: 국민건강보험료 | I91: =I90 -> 2238540 | J91: =J90 -> 542034 | K91: =K90 -> 746180 | L91: =L90 -> 3526754 | M91: =보험료산정기준!$I$10 -> 3.545 | N91: =TRUNC(L91*M91%,0) -> 125023
G92: 노인장기요양보험료 | L92: =N91 -> 125023 | M92: =보험료산정기준!$I$11 -> 12.81 | N92: =TRUNC(L92*M92%,0) -> 16015
G93: 임금채권보장보험료 | I93: =I89 -> 2238540 | J93: =J89 -> 542034 | K93: =K89 -> 746180 | L93: =L89 -> 3526754 | M93: =보험료산정기준!$I$12 -> 0.06 | N93: =TRUNC(L93*M93%,0) -> 2116
G94: 석면피해구제분담금 | I94: =I90 -> 2238540 | J94: =J90 -> 542034 | K94: =K90 -> 746180 | L94: =L90 -> 3526754 | M94: =보험료산정기준!$I$13 -> 0.004 | N94: =TRUNC(L94*M94%,0) -> 141
G95: 소계 | N95: =SUM(N88:N94) -> 374295
A96: =인건비집계!$A$19 -> 운영팀 | B96: =인건비집계!$B$19 -> 전기담당 | D96: =인건비집계!$D$19 -> 초급숙련기술자 | G96: 산재보험료 | I96: =인건비집계!$F$19 -> 1966517 | J96: =인건비집계!$I$19 -> 476148 | K96: =인건비집계!$L$19 -> 655505 | L96: =SUM(I96:K96) -> 3098170 | M96: =보험료산정기준!$I$7 -> 0.9 | N96: =TRUNC(L96*M96%,0) -> 27883
G97: 국민연금 | I97: =I96 -> 1966517 | J97: =J96 -> 476148 | K97: =K96 -> 655505 | L97: =L96 -> 3098170 | M97: =보험료산정기준!$I$8 -> 4.5 | N97: =TRUNC(L97*M97%,0) -> 139417
G98: 고용보험료 | I98: =I97 -> 1966517 | J98: =J97 -> 476148 | K98: =K97 -> 655505 | L98: =L97 -> 3098170 | M98: =보험료산정기준!$I$9 -> 1.15 | N98: =TRUNC(L98*M98%,0) -> 35628
G99: 국민건강보험료 | I99: =I98 -> 1966517 | J99: =J98 -> 476148 | K99: =K98 -> 655505 | L99: =L98 -> 3098170 | M99: =보험료산정기준!$I$10 -> 3.545 | N99: =TRUNC(L99*M99%,0) -> 109830
G100: 노인장기요양보험료 | L100: =N99 -> 109830 | M100: =보험료산정기준!$I$11 -> 12.81 | N100: =TRUNC(L100*M100%,0) -> 14069
G101: 임금채권보장보험료 | I101: =I97 -> 1966517 | J101: =J97 -> 476148 | K101: =K97 -> 655505 | L101: =L97 -> 3098170 | M101: =보험료산정기준!$I$12 -> 0.06 | N101: =TRUNC(L101*M101%,0) -> 1858
...

Sheet 고정)복리후생비집계
A1: ="[ 표 : "&S1&" ] " -> [ 표 : 19 ] | S1: ='고정)인적보험료'!P1+1 -> 19 | V1: ="[ 표 : "&AH1&" ] " -> [ 표 : ]
A2: 복리후생비집계표 | V2: 복리후생비집계표
R4: 단위 : 원/월 | AG4: 단위 : 원/월
A5: 구 분 | B5: 직 책 명 | D5: 직 종 명 | F5: 피복비 | I5: 식대 | L5: 건강검진비 | O5: 의약품비 | R5: 합 계 | V5: 구 분 | W5: 직 책 명 | Y5: 피복비 | AA5: 식대 | AC5: 건강검진비 | AE5: 의약품비 | AG5: 합 계
F6: 단위 (1인)당 피복비 | G6: 작업 인원 | H6: 금 액 | I6: 단위 (1인)당 식대 | J6: 작업 인원 | K6: 금 액 | L6: 단위 (1인)당 건강검진비 | M6: 작업 인원 | N6: 금 액 | O6: 단위 (1인)당 의약품비 | P6: 작업 인원 | Q6: 금 액 | X6: 작업 인원 | Y6: 단위 (1인)당 피복비 | Z6: 금 액 | AA6: 단위 (1인)당 식대 | AB6: 금 액 | AC6: 단위 (1인)당 건강검진비 | AD6: 금 액 | AE6: 단위 (1인)당 의약품비 | AF6: 금 액
F7: 주 1) | G7: 주 2) | I7: 주 3) | J7: 주 2) | L7: 주 4) | M7: 주 2) | O7: 주 5) | P7: 주 2) | X7: 주 2) | Y7: 주 1) | AA7: 주 3) | AC7: 주 4) | AE7: 주 5)
A8: =IF(인건비집계!A8="","",인건비집계!A8) -> 관리팀 | B8: =IF(인건비집계!B8="","",인건비집계!B8) -> 관리소장 | D8: =IF(인건비집계!D8="","",인건비집계!D8) -> 고급기술자 | F8: ='고정)피복비'!H12 -> 14226 | G8: =투입인원!F8 -> 1 | H8: =TRUNC(F8*G8) -> 14226 | I8: ='고정)식대'!G8 -> 140000 | J8: =G8 -> 1 | K8: =TRUNC(I8*J8) -> 140000 | L8: ='고정)건강검진비'!G11 -> 28322 | M8: =J8 -> 1 | N8: =TRUNC(L8*M8) -> 28322 | O8: ='고정)의약품'!G11 -> 478 | P8: =M8 -> 1 | Q8: =TRUNC(O8*P8) -> 478 | R8: =SUM(H8,K8,N8,Q8) -> 183026 | V8: =A8 -> 관리팀 | W8: =B8 -> 관리소장 | X8: ='고정)복리후생비집계'!G8 -> 1 | Y8: =F8 -> 14226 | Z8: =H8 -> 14226 | AA8: =I8 -> 140000 | AB8: =K8 -> 140000 | AC8: =L8 -> 28322 | AD8: =N8 -> 28322 | AE8: =O8 -> 478 | AF8: =Q8 -> 478 | AG8: =SUM(Z8,AB8,AD8,AF8) -> 183026
A9: =IF(인건비집계!A9="","",인건비집계!A9) -> 관리팀 | B9: =IF(인건비집계!B9="","",인건비집계!B9) -> 관리팀장 | D9: =IF(인건비집계!D9="","",인건비집계!D9) -> 고급기술자 | F9: =$F$8 -> 14226 | G9: =투입인원!F9 -> 1 | H9: =TRUNC(F9*G9) -> 14226 | I9: ='고정)식대'!G11 -> 152233 | J9: =G9 -> 1 | K9: =TRUNC(I9*J9) -> 152233 | L9: =$L$8 -> 28322 | M9: =J9 -> 1 | N9: =TRUNC(L9*M9) -> 28322 | O9: =$O$8 -> 478 | P9: =M9 -> 1 | Q9: =TRUNC(O9*P9) -> 478 | R9: =SUM(H9,K9,N9,Q9) -> 195259 | V9: =A9 -> 관리팀 | W9: =B9 -> 관리팀장 | X9: ='고정)복리후생비집계'!G9 -> 1 | Y9: =F9 -> 14226 | Z9: =H9 -> 14226 | AA9: =I9 -> 152233 | AB9: =K9 -> 152233 | AC9: =L9 -> 28322 | AD9: =N9 -> 28322 | AE9: =O9 -> 478 | AF9: =Q9 -> 478 | AG9: =SUM(Z9,AB9,AD9,AF9) -> 195259
A10: =IF(인건비집계!A10="","",인건비집계!A10) -> 관리팀 | B10: =IF(인건비집계!B10="","",인건비집계!B10) -> 관리팀원 | D10: =IF(인건비집계!D10="","",인건비집계!D10) -> 초급숙련기술자 | F10: =$F$8 -> 14226 | G10: =투입인원!F10 -> 1 | H10: =TRUNC(F10*G10) -> 14226 | I10: =I9 -> 152233 | J10: =G10 -> 1 | K10: =TRUNC(I10*J10) -> 152233 | L10: =$L$8 -> 28322 | M10: =J10 -> 1 | N10: =TRUNC(L10*M10) -> 28322 | O10: =$O$8 -> 478 | P10: =M10 -> 1 | Q10: =TRUNC(O10*P10) -> 478 | R10: =SUM(H10,K10,N10,Q10) -> 195259
A11: =IF(인건비집계!A11="","",인건비집계!A11) -> 운영팀 | B11: =IF(인건비집계!B11="","",인건비집계!B11) -> 전기팀장 | D11: =IF(인건비집계!D11="","",인건비집계!D11) -> 중급기술자 | F11: =$F$8 -> 14226 | G11: =투입인원!F11 -> 2 | H11: =TRUNC(F11*G11) -> 28452 | I11: =I10 -> 152233 | J11: =G11 -> 2 | K11: =TRUNC(I11*J11) -> 304466 | L11: =$L$8 -> 28322 | M11: =J11 -> 2 | N11: =TRUNC(L11*M11) -> 56644 | O11: =$O$8 -> 478 | P11: =M11 -> 2 | Q11: =TRUNC(O11*P11) -> 956 | R11: =SUM(H11,K11,N11,Q11) -> 390518 | V11: =A11 -> 운영팀 | W11: =B11 -> 전기팀장 | X11: ='고정)복리후생비집계'!G11 -> 2 | Y11: =F11 -> 14226 | Z11: =H11 -> 28452 | AA11: =I11 -> 152233 | AB11: =K11 -> 304466 | AC11: =L11 -> 28322 | AD11: =N11 -> 56644 | AE11: =O11 -> 478 | AF11: =Q11 -> 956 | AG11: =SUM(Z11,AB11,AD11,AF11) -> 390518
A12: =IF(인건비집계!A12="","",인건비집계!A12) -> 운영팀 | B12: =IF(인건비집계!B12="","",인건비집계!B12) -> 기계팀장 | D12: =IF(인건비집계!D12="","",인건비집계!D12) -> 중급기술자 | F12: =$F$8 -> 14226 | G12: =투입인원!F12 -> 2 | H12: =TRUNC(F12*G12) -> 28452 | I12: =I11 -> 152233 | J12: =G12 -> 2 | K12: =TRUNC(I12*J12) -> 304466 | L12: =$L$8 -> 28322 | M12: =J12 -> 2 | N12: =TRUNC(L12*M12) -> 56644 | O12: =$O$8 -> 478 | P12: =M12 -> 2 | Q12: =TRUNC(O12*P12) -> 956 | R12: =SUM(H12,K12,N12,Q12) -> 390518 | V12: =A12 -> 운영팀 | W12: =B12 -> 기계팀장 | X12: ='고정)복리후생비집계'!G12 -> 2 | Y12: =F12 -> 14226 | Z12: =H12 -> 28452 | AA12: =I12 -> 152233 | AB12: =K12 -> 304466 | AC12: =L12 -> 28322 | AD12: =N12 -> 56644 | AE12: =O12 -> 478 | AF12: =Q12 -> 956 | AG12: =SUM(Z12,AB12,AD12,AF12) -> 390518
A13: =IF(인건비집계!A13="","",인건비집계!A13) -> 운영팀 | B13: =IF(인건비집계!B13="","",인건비집계!B13) -> 전기담당 | D13: =IF(인건비집계!D13="","",인건비집계!D13) -> 초급기술자 | F13: =$F$8 -> 14226 | G13: =투입인원!F13 -> 2 | H13: =TRUNC(F13*G13) -> 28452 | I13: =I12 -> 152233 | J13: =G13 -> 2 | K13: =TRUNC(I13*J13) -> 304466 | L13: =$L$8 -> 28322 | M13: =J13 -> 2 | N13: =TRUNC(L13*M13) -> 56644 | O13: =$O$8 -> 478 | P13: =M13 -> 2 | Q13: =TRUNC(O13*P13) -> 956 | R13: =SUM(H13,K13,N13,Q13) -> 390518 | V13: =A13 -> 운영팀 | W13: =B13 -> 전기담당 | X13: ='고정)복리후생비집계'!G13 -> 2 | Y13: =F13 -> 14226 | Z13: =H13 -> 28452 | AA13: =I13 -> 152233 | AB13: =K13 -> 304466 | AC13: =L13 -> 28322 | AD13: =N13 -> 56644 | AE13: =O13 -> 478 | AF13: =Q13 -> 956 | AG13: =SUM(Z13,AB13,AD13,AF13) -> 390518
A14: =IF(인건비집계!A14="","",인건비집계!A14) -> 운영팀 | B14: =IF(인건비집계!B14="","",인건비집계!B14) -> 기계담당 | D14: =IF(인건비집계!D14="","",인건비집계!D14) -> 초급기술자 | F14: =$F$8 -> 14226 | G14: =투입인원!F14 -> 2 | H14: =TRUNC(F14*G14) -> 28452 | I14: =I13 -> 152233 | J14: =G14 -> 2 | K14: =TRUNC(I14*J14) -> 304466 | L14: =$L$8 -> 28322 | M14: =J14 -> 2 | N14: =TRUNC(L14*M14) -> 56644 | O14: =$O$8 -> 478 | P14: =M14 -> 2 | Q14: =TRUNC(O14*P14) -> 956 | R14: =SUM(H14,K14,N14,Q14) -> 390518 | V14: =A14 -> 운영팀 | W14: =B14 -> 기계담당 | X14: ='고정)복리후생비집계'!G14 -> 2 | Y14: =F14 -> 14226 | Z14: =H14 -> 28452 | AA14: =I14 -> 152233 | AB14: =K14 -> 304466 | AC14: =L14 -> 28322 | AD14: =N14 -> 56644 | AE14: =O14 -> 478 | AF14: =Q14 -> 956 | AG14: =SUM(Z14,AB14,AD14,AF14) -> 390518
A15: =IF(인건비집계!A15="","",인건비집계!A15) -> 운영팀 | B15: =IF(인건비집계!B15="","",인건비집계!B15) -> 전기담당 | D15: =IF(인건비집계!D15="","",인건비집계!D15) -> 고급숙련기술자 | F15: =$F$8 -> 14226 | G15: =투입인원!F15 -> 1 | H15: =TRUNC(F15*G15) -> 14226 | I15: =I14 -> 152233 | J15: =G15 -> 1 | K15: =TRUNC(I15*J15) -> 152233 | L15: =$L$8 -> 28322 | M15: =J15 -> 1 | N15: =TRUNC(L15*M15) -> 28322 | O15: =$O$8 -> 478 | P15: =M15 -> 1 | Q15: =TRUNC(O15*P15) -> 478 | R15: =SUM(H15,K15,N15,Q15) -> 195259 | V15: =A15 -> 운영팀 | W15: =B15 -> 전기담당 | X15: ='고정)복리후생비집계'!G15 -> 1 | Y15: =F15 -> 14226 | Z15: =H15 -> 14226 | AA15: =I15 -> 152233 | AB15: =K15 -> 152233 | AC15: =L15 -> 28322 | AD15: =N15 -> 28322 | AE15: =O15 -> 478 | AF15: =Q15 -> 478 | AG15: =SUM(Z15,AB15,AD15,AF15) -> 195259
A16: =IF(인건비집계!A16="","",인건비집계!A16) -> 운영팀 | B16: =IF(인건비집계!B16="","",인건비집계!B16) -> 기계담당 | D16: =IF(인건비집계!D16="","",인건비집계!D16) -> 고급숙련기술자 | F16: =$F$8 -> 14226 | G16: =투입인원!F16 -> 1 | H16: =TRUNC(F16*G16) -> 14226 | I16: =I15 -> 152233 | J16: =G16 -> 1 | K16: =TRUNC(I16*J16) -> 152233 | L16: =$L$8 -> 28322 | M16: =J16 -> 1 | N16: =TRUNC(L16*M16) -> 28322 | O16: =$O$8 -> 478 | P16: =M16 -> 1 | Q16: =TRUNC(O16*P16) -> 478 | R16: =SUM(H16,K16,N16,Q16) -> 195259 | V16: =A16 -> 운영팀 | W16: =B16 -> 기계담당 | X16: ='고정)복리후생비집계'!G16 -> 1 | Y16: =F16 -> 14226 | Z16: =H16 -> 14226 | AA16: =I16 -> 152233 | AB16: =K16 -> 152233 | AC16: =L16 -> 28322 | AD16: =N16 -> 28322 | AE16: =O16 -> 478 | AF16: =Q16 -> 478 | AG16: =SUM(Z16,AB16,AD16,AF16) -> 195259
A17: =IF(인건비집계!A17="","",인건비집계!A17) -> 운영팀 | B17: =IF(인건비집계!B17="","",인건비집계!B17) -> 전기담당 | D17: =IF(인건비집계!D17="","",인건비집계!D17) -> 중급숙련기술자 | F17: =$F$8 -> 14226 | G17: =투입인원!F17 -> 2 | H17: =TRUNC(F17*G17) -> 28452 | I17: =I16 -> 152233 | J17: =G17 -> 2 | K17: =TRUNC(I17*J17) -> 304466 | L17: =$L$8 -> 28322 | M17: =J17 -> 2 | N17: =TRUNC(L17*M17) -> 56644 | O17: =$O$8 -> 478 | P17: =M17 -> 2 | Q17: =TRUNC(O17*P17) -> 956 | R17: =SUM(H17,K17,N17,Q17) -> 390518 | V17: =A17 -> 운영팀 | W17: =B17 -> 전기담당 | X17: ='고정)복리후생비집계'!G17 -> 2 | Y17: =F17 -> 14226 | Z17: =H17 -> 28452 | AA17: =I17 -> 152233 | AB17: =K17 -> 304466 | AC17: =L17 -> 28322 | AD17: =N17 -> 56644 | AE17: =O17 -> 478 | AF17: =Q17 -> 956 | AG17: =SUM(Z17,AB17,AD17,AF17) -> 390518
A18: =IF(인건비집계!A18="","",인건비집계!A18) -> 운영팀 | B18: =IF(인건비집계!B18="","",인건비집계!B18) -> 기계담당 | D18: =IF(인건비집계!D18="","",인건비집계!D18) -> 중급숙련기술자 | F18: =$F$8 -> 14226 | G18: =투입인원!F18 -> 2 | H18: =TRUNC(F18*G18) -> 28452 | I18: =I17 -> 152233 | J18: =G18 -> 2 | K18: =TRUNC(I18*J18) -> 304466 | L18: =$L$8 -> 28322 | M18: =J18 -> 2 | N18: =TRUNC(L18*M18) -> 56644 | O18: =$O$8 -> 478 | P18: =M18 -> 2 | Q18: =TRUNC(O18*P18) -> 956 | R18: =SUM(H18,K18,N18,Q18) -> 390518 | V18: =A18 -> 운영팀 | W18: =B18 -> 기계담당 | X18: ='고정)복리후생비집계'!G18 -> 2 | Y18: =F18 -> 14226 | Z18: =H18 -> 28452 | AA18: =I18 -> 152233 | AB18: =K18 -> 304466 | AC18: =L18 -> 28322 | AD18: =N18 -> 56644 | AE18: =O18 -> 478 | AF18: =Q18 -> 956 | AG18: =SUM(Z18,AB18,AD18,AF18) -> 390518
A19: =IF(인건비집계!A19="","",인건비집계!A19) -> 운영팀 | B19: =IF(인건비집계!B19="","",인건비집계!B19) -> 전기담당 | D19: =IF(인건비집계!D19="","",인건비집계!D19) -> 초급숙련기술자 | F19: =$F$8 -> 14226 | G19: =투입인원!F19 -> 1 | H19: =TRUNC(F19*G19) -> 14226 | I19: =I18 -> 152233 | J19: =G19 -> 1 | K19: =TRUNC(I19*J19) -> 152233 | L19: =$L$8 -> 28322 | M19: =J19 -> 1 | N19: =TRUNC(L19*M19) -> 28322 | O19: =$O$8 -> 478 | P19: =M19 -> 1 | Q19: =TRUNC(O19*P19) -> 478 | R19: =SUM(H19,K19,N19,Q19) -> 195259 | V19: =A19 -> 운영팀 | W19: =B19 -> 전기담당 | X19: ='고정)복리후생비집계'!G19 -> 1 | Y19: =F19 -> 14226 | Z19: =H19 -> 14226 | AA19: =I19 -> 152233 | AB19: =K19 -> 152233 | AC19: =L19 -> 28322 | AD19: =N19 -> 28322 | AE19: =O19 -> 478 | AF19: =Q19 -> 478 | AG19: =SUM(Z19,AB19,AD19,AF19) -> 195259
A20: =IF(인건비집계!A20="","",인건비집계!A20) -> 운영팀 | B20: =IF(인건비집계!B20="","",인건비집계!B20) -> 기계담당 | D20: =IF(인건비집계!D20="","",인건비집계!D20) -> 초급숙련기술자 | F20: =$F$8 -> 14226 | G20: =투입인원!F20 -> 1 | H20: =TRUNC(F20*G20) -> 14226 | I20: =I19 -> 152233 | J20: =G20 -> 1 | K20: =TRUNC(I20*J20) -> 152233 | L20: =$L$8 -> 28322 | M20: =J20 -> 1 | N20: =TRUNC(L20*M20) -> 28322 | O20: =$O$8 -> 478 | P20: =M20 -> 1 | Q20: =TRUNC(O20*P20) -> 478 | R20: =SUM(H20,K20,N20,Q20) -> 195259
A21: =IF(인건비집계!A21="","",인건비집계!A21) -> 환경팀 | B21: =IF(인건비집계!B21="","",인건비집계!B21) -> 환경팀장 | D21: =IF(인건비집계!D21="","",인건비집계!D21) -> 초급숙련기술자 | F21: =$F$8 -> 14226 | G21: =투입인원!F21 -> 1 | H21: =TRUNC(F21*G21) -> 14226 | I21: =I20 -> 152233 | J21: =G21 -> 1 | K21: =TRUNC(I21*J21) -> 152233 | L21: =$L$8 -> 28322 | M21: =J21 -> 1 | N21: =TRUNC(L21*M21) -> 28322 | O21: =$O$8 -> 478 | P21: =M21 -> 1 | Q21: =TRUNC(O21*P21) -> 478 | R21: =SUM(H21,K21,N21,Q21) -> 195259
A22: =IF(인건비집계!A22="","",인건비집계!A22) -> 환경팀 | B22: =IF(인건비집계!B22="","",인건비집계!B22) -> 환경팀원 | D22: =IF(인건비집계!D22="","",인건비집계!D22) -> 단순노무종사원 | F22: =$F$8 -> 14226 | G22: =투입인원!F22 -> 2 | H22: =TRUNC(F22*G22) -> 28452 | I22: =I21 -> 152233 | J22: =G22 -> 2 | K22: =TRUNC(I22*J22) -> 304466 | L22: =$L$8 -> 28322 | M22: =J22 -> 2 | N22: =TRUNC(L22*M22) -> 56644 | O22: =$O$8 -> 478 | P22: =M22 -> 2 | Q22: =TRUNC(O22*P22) -> 956 | R22: =SUM(H22,K22,N22,Q22) -> 390518
A23: =IF(인건비집계!A23="","",인건비집계!A23) -> 운반팀 | B23: =IF(인건비집계!B23="","",인건비집계!B23) -> 운전원 | D23: =IF(인건비집계!D23="","",인건비집계!D23) -> 초급숙련기술자 | F23: =$F$8 -> 14226 | G23: =투입인원!F23 -> 1 | H23: =TRUNC(F23*G23) -> 14226 | I23: =I22 -> 152233 | J23: =G23 -> 1 | K23: =TRUNC(I23*J23) -> 152233 | L23: =$L$8 -> 28322 | M23: =J23 -> 1 | N23: =TRUNC(L23*M23) -> 28322 | O23: =$O$8 -> 478 | P23: =M23 -> 1 | Q23: =TRUNC(O23*P23) -> 478 | R23: =SUM(H23,K23,N23,Q23) -> 195259
A24: =IF(인건비집계!A24="","",인건비집계!A24) -> 운반팀 | B24: =IF(인건비집계!B24="","",인건비집계!B24) -> 운반팀원 | D24: =IF(인건비집계!D24="","",인건비집계!D24) -> 단순노무종사원 | F24: =$F$8 -> 14226 | G24: =투입인원!F24 -> 2 | H24: =TRUNC(F24*G24) -> 28452 | I24: =I23 -> 152233 | J24: =G24 -> 2 | K24: =TRUNC(I24*J24) -> 304466 | L24: =$L$8 -> 28322 | M24: =J24 -> 2 | N24: =TRUNC(L24*M24) -> 56644 | O24: =$O$8 -> 478 | P24: =M24 -> 2 | Q24: =TRUNC(O24*P24) -> 956 | R24: =SUM(H24,K24,N24,Q24) -> 390518 | V24: =A24 -> 운반팀 | W24: =B24 -> 운반팀원 | X24: ='고정)복리후생비집계'!G24 -> 2 | Y24: =F24 -> 14226 | Z24: =H24 -> 28452 | AA24: =I24 -> 152233 | AB24: =K24 -> 304466 | AC24: =L24 -> 28322 | AD24: =N24 -> 56644 | AE24: =O24 -> 478 | AF24: =Q24 -> 956 | AG24: =SUM(Z24,AB24,AD24,AF24) -> 390518
A25: 계 | G25: =SUM(G8:G24) -> 25 | H25: =SUM(H8:H24) -> 355650 | J25: =SUM(J8:J24) -> 25 | K25: =SUM(K8:K24) -> 3793592 | M25: =SUM(M8:M24) -> 25 | N25: =SUM(N8:N24) -> 708050 | P25: =SUM(P8:P24) -> 25 | Q25: =SUM(Q8:Q24) -> 11950 | R25: =SUM(H25,K25,N25,Q25) -> 4869242 | V25: 계 | Z25: =SUM(Z8:Z24) -> 270294 | AB25: =SUM(AB8:AB24) -> 2880194 | AD25: =SUM(AD8:AD24) -> 538118 | AF25: =SUM(AF8:AF24) -> 9082 | AG25: =SUM(Z25,AB25,AD25,AF25) -> 3697688
A26: ="주 1) 단위(1인)당 피복비 : "&'고정)피복비'!A1&'고정)피복비'!A2&" 참조" -> 주 1) 단위(1인)당 피복비 : [ 표 : 20 ] 단위(1인)당 피복비산출표 참조 | V26: ="주 1) 단위(1인)당 피복비 : "&'고정)피복비'!#REF!&'고정)피복비'!#REF!&" 참조" -> #REF!
A27: =" 2) 작업인원 : "&투입인원!A1&투입인원!A2&" 참조" -> 2) 작업인원 : [ 표 : 12 ] 적용직종 및 근무형태 참조 | V27: =" 2) 작업인원 : "&투입인원!#REF!&투입인원!#REF!&" 참조" -> #REF!
A28: =" 3) 단위(1인)당 식대 : "&'고정)식대'!A1&'고정)식대'!A2&" 참조" -> 3) 단위(1인)당 식대 : [ 표 : 21 ] 단위(1인)당 식대산출표 참조 | V28: =" 3) 단위(1인)당 식대 : "&'고정)식대'!N1&'고정)식대'!N2&" 참조" -> 3) 단위(1인)당 식대 : 참조
A29: =" 4) 단위(1인)당 건강검진비 : "&'고정)건강검진비'!A1&'고정)건강검진비'!A2&" 참조" -> 4) 단위(1인)당 건강검진비 : [ 표 : 22 ] 단위(1인)당 건강검진비산출표 참조 | V29: =" 4) 단위(1인)당 건강검진비 : "&'고정)건강검진비'!Q1&'고정)건강검진비'!Q2&" 참조" -> 4) 단위(1인)당 건강검진비 : 참조
A30: =" 5) 단위(1인)당 의약품비 : "&'고정)의약품'!A1&'고정)의약품'!A2&" 참조" -> 5) 단위(1인)당 의약품비 : [ 표 : 23 ] 단위(1인)당 의약품비산출표 참조 | V30: =" 5) 단위(1인)당 의약품비 : "&'고정)의약품'!J1&'고정)의약품'!J2&" 참조" -> 5) 단위(1인)당 의약품비 : 참조

Sheet 고정)피복비
A1: ="[ 표 : "&K1&" ] " -> [ 표 : 20 ] | K1: ='고정)복리후생비집계'!S1+1 -> 20
A2: 단위(1인)당 피복비산출표
J4: 단위 : 원/월
B5: 구 분 | D5: 규 격 | E5: 단위 | F5: 수 량 | G5: 단 가 | H5: 금 액 | I5: 비 고
F6: 주 1) | G6: 주 2)
B7: 피복비 | D7: 하절기 | E7: 착 | F7: 0.0833 | G7: 36500 | H7: =TRUNC(G7*F7) -> 3040 | J7: 1인×1착/년÷12개월
B8: 피복비 | D8: 춘추복 | E8: 착 | F8: 0.0833 | G8: 42500 | H8: =TRUNC(G8*F8) -> 3540 | J8: 1인×1착/년÷12개월
B9: 피복비 | D9: 동절기 | E9: 착 | F9: 0.0833 | G9: 64300 | H9: =TRUNC(G9*F9) -> 5356 | J9: 1인×1착/년÷12개월
B10: 피복비 | D10: 조끼 | E10: 착 | F10: 0.0833 | G10: 27500 | H10: =TRUNC(G10*F10) -> 2290 | J10: 1인×1착/년÷12개월
B12: 계 | H12: =SUM(H7:H11) -> 14226
A13: 주 1) 수량 : 계약지급실적 참조
A14: 2) 단가 : 물가지 및 시중유통거래가격, 계약실적금액 참조
A15: 2023년도 건물위생관리(청소)용역 표준도급비((사)한국건물위생관리협회 발표) 준용

Sheet 고정)식대
A1: ="[ 표 : "&I1&" ] " -> [ 표 : 21 ] | I1: ='고정)피복비'!K1+1 -> 21
A2: 단위(1인)당 식대산출표
H4: 단위 : 원/월
B5: 비목 | D5: 단위 | E5: 수 량 | F5: 단 가 | G5: 금 액 | H5: 비 고
E7: 주 1) | F7: 주 2)
B8: 식대(평일) | D8: 식 | E8: =일급분개!$H$32 -> 20.6 | F8: =G8/E8 -> 6796.1165 | G8: 140000 | H8: 22식/월
B9: 식대(휴일) | D9: 식 | E9: 1.8 | F9: =F8 -> 6796.1165 | G9: =TRUNC(E9*F9) -> 12233 | H9: 1.8식/월
B11: 계 | G11: =SUM(G8:G10) -> 152233
A12: 주 1) 수량 : 계약지급실적 참조
A13: 2) 단가 : 지방공무원 수당 등에 관한 규정 제18조(정액급식비)

Sheet 고정)건강검진비
A1: ="[ 표 : "&I1&" ] " -> [ 표 : 22 ] | I1: ='고정)식대'!I1+1 -> 22
A2: 단위(1인)당 건강검진비산출표
H4: 단위 : 원/월
B5: 비목 | D5: 단위 | E5: 수 량 | F5: 단 가 | G5: 금 액 | H5: 비 고
E7: 주 1) | F7: 주 2)
B8: 건강검진비 | D8: 회/월 | E8: 0.0833 | F8: 340000 | G8: =TRUNC(E8*F8) -> 28322 | H8: 1회/년÷12개월
B11: 계 | G11: =SUM(G8:G10) -> 28322
A12: 주 1) 수량 : 전문업체지급실적 참조
A13: 2) 단가 : 한국건강관리협회 남성 기본 종합검진 검사비 적용

Sheet 고정)의약품
A1: ="[ 표 : "&I1&" ] " -> [ 표 : 23 ] | I1: ='고정)건강검진비'!I1+1 -> 23
A2: 단위(1인)당 의약품비산출표
H4: 단위 : 원/월
B5: 비목 | D5: 단위 | E5: 수 량 | F5: 단 가 | G5: 금 액 | H5: 비 고
E7: 주 1) | F7: 주 2)
B8: 의약품비 | D8: SET/월 | E8: 0.0033 | F8: 145000 | G8: =TRUNC(E8*F8) -> 478 | H8: 1SET/년÷12개월÷25인 (구급함 1set)
B11: 계 | G11: =SUM(G8:G10) -> 478
A12: 주 1) 수량 : 전문업체지급실적 참조
A13: 2) 단가 : 시중유통거래가격 및 계약실적금액을 비교하여 낮은금액 적용

Sheet 고정)안전관리비
A1: ="[ 표 : "&K1&" ] " -> [ 표 : 24 ] | K1: ='고정)의약품'!I1+1 -> 24
A2: 안전관리비산출표
J4: 단위 : 원/월
B5: 구 분 | D5: 규 격 | E5: 단위 | F5: 수 량 | G5: 단 가 | H5: 금 액 | I5: 비 고
F6: 주 1) | G6: 주 2)
B7: 안전관리비 | D7: 직접노무비 x 지급요율 | E7: 식 | H7: =H24/12 -> 1797591.5 | I7: 25 | J7: 산출금액÷12개월
B15: 계 | H15: =SUM(H7:H14) -> 1797591.5
A16: 주 1) 파주시 안전보건을 위한 관리비용에 관한 기준 [별표2]에 따른 금액(기준금액의 1.86%)
B24: 기준금액 산정 | D24: ='용역원가(24년)'!H14 -> 1159736424 | G24: 0.0186 | H24: =D24*G24 -> 21571097
B26: 별표3 산정금액 | D26: =H24-SUM(H7:H13)*12-'고정)복리후생비집계'!N25*12 -> -8496600

Sheet 고정)교육훈련비
A1: ="[ 표 : "&K1&" ] " -> [ 표 : 25 ] | K1: ='고정)안전관리비'!K1+1 -> 25
A2: 교육훈련비산출표
J4: 단위 : 원/월
B5: 구 분 | D5: 세 부 내 용 | E5: 단위 | F5: 수 량 | G5: 단 가 | H5: 금 액 | I5: 비 고
F6: 주 1) | G6: 주 2)
B7: 법정교육 | D7: 건설협회교육 | E7: 인/회 | F7: 0.0833 | G7: 409090 | H7: =TRUNC(G7*F7) -> 34077 | J7: 1인×1회/년÷12개월
B9: 임시교육 | D9: 분야별 전문기술 보수교육 | E9: 인/회 | F9: 0.3333 | G9: 100000 | H9: =TRUNC(G9*F9) -> 33330 | J9: 4인×1회/년÷12개월
D10: 전문인력양성교육(기계) | E10: 인/회 | F10: 0.3333 | G10: 100000 | H10: =TRUNC(G10*F10) -> 33330 | J10: 4인×1회/년÷12개월
D11: 전문인력양성교육(전기) | E11: 인/회 | F11: 0.3333 | G11: 100000 | H11: =TRUNC(G11*F11) -> 33330 | J11: 4인×1회/년÷12개월
D12: 전문인력양성교육(IT) | E12: 인/회 | F12: 0.3333 | G12: 100000 | H12: =TRUNC(G12*F12) -> 33330 | J12: 4인×1회/년÷12개월
B14: 계 | H14: =SUM(H7:H13) -> 167397
A15: 주 1) 수량 : 실 교육횟수 참조
A16: 2) 단가 : 실 지급비용 및 계약실적금액 적용

Sheet 고정)소모품비
A1: ="[ 표 : "&K1&" ] " -> [ 표 : 26 ] | K1: ='고정)교육훈련비'!K1+1 -> 26
A2: 소모품비산출표
J4: 단위 : 원/월
B5: 구 분 | D5: 세 부 내 용 | E5: 단위 | F5: 수 량 | G5: 단 가 | H5: 금 액 | I5: 비 고
F6: 주 1) | G6: 주 2)
B8: 복사용지 | D8: A4박스 외 | E8: 식 | F8: 1 | G8: 206788 | H8: =TRUNC(G8*F8) -> 206788
B10: 사무용품 | D10: 파일 외 | E10: 식 | F10: 1 | G10: 71599 | H10: =TRUNC(G10*F10) -> 71599
B12: 전산처리비 | D12: 프린트 토너 외 | E12: 식 | F12: 1 | G12: 334308 | H12: =TRUNC(G12*F12) -> 334308
B14: 전자용품 | D14: 키보드/마우스 셑트 외 | E14: 식 | F14: 1 | G14: 8506 | H14: =TRUNC(G14*F14) -> 8506
B16: 기타 | D16: 제본 | E16: 식 | F16: 1 | G16: 6233 | H16: =TRUNC(G16*F16) -> 6233
B19: 계 | H19: =SUM(H7:H18) -> 627434
A20: 주 1) 수량 : 전문업체지급실적 참조
A21: 2) 단가 : 물가지 및 계약실적금액을 비교하여 낮은금액 적용

Sheet 고정)출장여비
A1: ="[ 표 : "&K1&" ] " -> [ 표 : 27 ] | K1: ='고정)소모품비'!K1+1 -> 27
A2: 출장여비산출표
J4: 단위 : 원/월
B5: 구 분 | D5: 세 부 내 용 | E5: 단위 | F5: 수 량 | G5: 단 가 | H5: 금 액 | I5: 비 고
F6: 주 1) | G6: 주 2)
B7: 근거리출장 | D7: 파주시업무(주간보고) | E7: 회/월 | F7: 4.3333 | G7: 10000 | H7: =TRUNC(G7*F7) -> 43333 | J7: 1인×52회/년÷12개월
B8: 중거리출장 | D8: 타시군구 업무(악취포집 : 의정부) | E8: 회/월 | F8: 1 | G8: 40000 | H8: =TRUNC(G8*F8) -> 40000 | J8: 1인×12회/년÷12개월
B9: 장거리출장 | D9: 선진지 견학(타시도) | E9: 회/월 | F9: 0.1666 | G9: =운임!F16 -> 74000 | H9: =TRUNC(G9*F9) -> 12328 | J9: 1인×4회/년÷12개월 [ 표 : 26 ] 참조
B11: 계 | H11: =SUM(H7:H10) -> 95661
A12: 주 1) 수량 : 전문업체실적 참조
A13: 2) 단가 : 공무원여비규정(별표2 국내여비지급표)에 의거 운임은 실비 적용으로 실비용과 계약실적금액을
A14: 비교하여 낮은비용 적용

Sheet 운임
A1: ="[ 표 : "&H1&" ] " -> [ 표 : 28 ] | H1: ='고정)출장여비'!K1+1 -> 28
A2: 국내여비운임조사표
G4: 단위 : 원
A5: 출장지 | B5: 노 선 | C5: 단 위 | D5: 수량 | E5: 단 가 | F5: 금 액 | G5: 비 고
A6: 주 1) | E6: 주 2)
A7: 부산 | B7: 서울 ~ 부산 | C7: 회/왕복 | D7: 1 | E7: =T7*2 -> 129400 | F7: =D7*E7 -> 129400 | G7: 광역시(경남) | J7: 경의중앙선 | K7: 3600 | M7: 부산역 KTX | N7: 59800 | P7: 부산1호선 | Q7: 1300 | T7: =K7+N7+Q7 -> 64700
A8: 대전 | B8: 서울 ~ 대전 | C8: 회/왕복 | D8: 1 | E8: 43090 | F8: =D8*E8 -> 43090 | G8: 광역시(충청) | M8: 대전역 | N8: 23700 | P8: 대전1호선 | Q8: 1250 | T8: =K8+N8+Q8 -> 24950
A9: 대구 | B9: 서울 ~ 대구 | C9: 회/왕복 | D9: 1 | E9: 79090 | F9: =D9*E9 -> 79090 | G9: 광역시(경북) | M9: 동대구역 | N9: 43500 | P9: 시내버스 | Q9: 1250 | T9: =K9+N9+Q9 -> 44750
A10: 광주 | B10: 용산 ~ 광주 | C10: 회/왕복 | D10: 1 | E10: 85090 | F10: =D10*E10 -> 85090 | G10: 광역시(전남) | M10: 오송역 | N10: 18500 | P10: 광주송정역SRT | Q10: 25600 | R10: 시내버스 | S10: 1250 | T10: =K10+N10+Q10+S10 -> 45350
A11: 울산 | B11: 서울 ~ 울산 | C11: 회/왕복 | D11: 1 | E11: 97272 | F11: =D11*E11 -> 97272 | G11: 광역시(경남) | M11: 울산역 | N11: 53500 | P11: 광역버스 | Q11: 3500 | T11: =K11+N11+Q11 -> 57000
A12: 전주 | B12: 광명 ~ 전주 | C12: 회/왕복 | D12: 1 | E12: 59090 | F12: =D12*E12 -> 59090 | G12: 도청소재지(전북) | M12: 전주역 | N12: 34600 | P12: 시내버스 | Q12: 1250 | T12: =K12+N12+Q12 -> 35850
A13: 세종 | B13: 광명 ~ 오송 | C13: 회/왕복 | D13: 1 | E13: 29272 | F13: =D13*E13 -> 29272 | G13: 세종특별자치시 | J13: 고속버스 | M13: 세종시 | N13: 13100 | T13: =K13+N13+Q13 -> 13100
A15: 계 | F15: =SUM(F7:F14) -> 522304
A16: 평 균 금 액 | F16: =TRUNC(F15/H16,-3) -> 74000 | G16: ="계 ÷ "&H16 -> 계 ÷ 7 | H16: 7
A17: 주 1) 출장지 : 파주(서울 기준) ~ 전국 광역시/도청 소재지를 출장지로 기준하여 평균금액 적용
A18: 2) 단가 : 물가지가격 및 시중유통거래가격 참조(열차(KTX, SRT), 고속버스 기준)

Sheet 고정)통신비
A1: ="[ 표 : "&K1&" ] " -> [ 표 : 29 ] | K1: =운임!H1+1 -> 29
A2: 통신비산출표
J4: 단위 : 원/월
B5: 구 분 | D5: 세 부 내 용 | E5: 단위 | F5: 수 량 | G5: 단 가 | H5: 금 액 | I5: 비 고
F6: 주 1) | G6: 주 2)
B7: 통신비 | D7: 전화 및 팩스 | E7: 회선 | F7: 2 | G7: 60353 | H7: =TRUNC(G7*F7) -> 120706 | J7: 2회선/월
D8: 인터넷 | E8: 회선 | F8: 1 | G8: 52360 | H8: =TRUNC(G8*F8) -> 52360 | J8: 1회선/월
B10: 계 | H10: =SUM(H7:H9) -> 173066
A11: 주 1) 수량 : 현 운영기준 참조
A12: 2) 단가 : 실 지급비용 참조

Sheet 변동)소모자재비
A1: ="[ 표 : "&K1&" ] " -> [ 표 : 30 ] | K1: ='고정)통신비'!K1+1 -> 30
A2: 소모자재비산출표
J4: 단위 : 원/월
B5: 구 분 | D5: 세 부 내 용 | E5: 단위 | F5: 수 량 | G5: 단 가 | H5: 금 액 | I5: 비 고
G6: 주 1)
B7: 소모자재비 | D7: 공구 및 계측장비 | E7: 식 | F7: 1 | G7: 4000000 | H7: =TRUNC(G7*F7) -> 4000000 | J7: 1식
D8: 전기공구 구입 | E8: 식 | F8: 1 | G8: 4000000 | H8: =TRUNC(G8*F8) -> 4000000 | J8: 1식
D9: 공구수리 | E9: 식 | F9: 1 | G9: 3000000 | H9: =TRUNC(G9*F9) -> 3000000 | J9: 1식
D10: 작업관련 소모자재 | E10: 식 | F10: 1 | G10: 10000000 | H10: =TRUNC(G10*F10) -> 10000000 | J10: 1식
D11: 기타소모자재 (시설물유지 관련) | E11: 식 | F11: 1 | G11: 6000000 | H11: =TRUNC(G11*F11) -> 6000000 | J11: 1식
B13: 계(연간) | H13: =SUM(H7:H12) -> 27000000
B14: 계(월간) | H14: =TRUNC(H13/12) -> 2250000 | J14: 계(연간)÷12개월
A15: 주 1) 단가 : 전문업체 위탁운영비 청구내역서 참조

Sheet 변동)수선유지비
A1: ="[ 표 : "&K1&" ] " -> [ 표 : 31 ] | K1: ='변동)소모자재비'!K1+1 -> 31 | M1: ="[ 표 : "&W1&" ] " -> [ 표 : ]
A2: 수선유지비산출표 | M2: 수선유지비산출표(2025) | Y2: 수선유지비산출표(2026)
J4: 단위 : 원/월 | V4: 단위 : 원/월 | AG4: 단위 : 원/월
B5: 구 분 | D5: 세 부 내 용 | E5: 단위 | F5: 수 량 | G5: 단 가 | H5: 금 액 | I5: 비 고 | N5: 구 분 | P5: 세 부 내 용 | Q5: 단위 | R5: 수 량 | S5: 단 가 | T5: 금 액 | U5: 비 고 | Y5: 구 분 | AA5: 세 부 내 용 | AB5: 단위 | AC5: 수 량 | AD5: 단 가 | AE5: 금 액 | AF5: 비 고
G6: 주 1) | S6: 주 1) | AD6: 주 1)
B7: 유지관리예비품 | D7: 냉난방기류 수리 | E7: 식 | F7: 1 | G7: 10000000 | H7: =TRUNC(G7*F7) -> 10000000 | N7: 유지관리예비품 | P7: 냉난방기류 수리 | Q7: 식 | R7: 1 | S7: 10000000 | T7: =TRUNC(S7*R7) -> 10000000 | Y7: 유지관리예비품 | AA7: 냉난방기류 수리 | AB7: 식 | AC7: 1 | AD7: 10000000 | AE7: =TRUNC(AD7*AC7) -> 10000000
B8: (1~4집하장) | D8: 집진필터 | E8: 식 | F8: 1 | G8: 18240000 | H8: =TRUNC(G8*F8) -> 18240000 | N8: (1~4집하장) | P8: 집진필터 | Q8: 식 | R8: 1 | S8: 18240000 | T8: =TRUNC(S8*R8) -> 18240000 | Y8: (1~4집하장) | AA8: 집진필터 | AB8: 식 | AC8: 1 | AD8: 18240000 | AE8: =TRUNC(AD8*AC8) -> 18240000
D9: 투입구 예비품 | E9: 식 | F9: 1 | G9: 20000000 | H9: =TRUNC(G9*F9) -> 20000000 | P9: 투입구 예비품 | Q9: 식 | R9: 1 | S9: 30000000 | T9: =TRUNC(S9*R9) -> 30000000 | AA9: 투입구 예비품 | AB9: 식 | AC9: 1 | AD9: 30000000 | AE9: =TRUNC(AD9*AC9) -> 30000000
D10: 관크리닝 및 포집백 | E10: 식 | F10: 1 | G10: 15000000 | H10: =TRUNC(G10*F10) -> 15000000 | P10: 관크리닝 및 포집백 | Q10: 식 | R10: 1 | S10: 15000000 | T10: =TRUNC(S10*R10) -> 15000000 | AA10: 관크리닝 및 포집백 | AB10: 식 | AC10: 1 | AD10: 15000000 | AE10: =TRUNC(AD10*AC10) -> 15000000
D11: 공기압축기 소모품교체 /수리 | E11: 식 | F11: 1 | G11: 50000000 | H11: =TRUNC(G11*F11) -> 50000000 | P11: 공기압축기 소모품교체 /수리 | Q11: 식 | R11: 1 | S11: 50000000 | T11: =TRUNC(S11*R11) -> 50000000 | AA11: 공기압축기 소모품교체 /수리 | AB11: 식 | AC11: 1 | AD11: 50000000 | AE11: =TRUNC(AD11*AC11) -> 50000000
D12: 활성탄 교체 | E12: 식 | F12: 1 | G12: 96600000 | H12: =TRUNC(G12*F12) -> 96600000 | P12: 활성탄 교체 | Q12: 식 | R12: 1 | S12: 96600000 | T12: =TRUNC(S12*R12) -> 96600000 | AA12: 활성탄 교체 | AB12: 식 | AC12: 1 | AD12: 96600000 | AE12: =TRUNC(AD12*AC12) -> 96600000
D13: 송풍기 인버터 수리 | E13: 식 | F13: 1 | G13: 30000000 | H13: =TRUNC(G13*F13) -> 30000000 | P13: 송풍기 인버터 수리 | Q13: 식 | R13: 1 | S13: 30000000 | T13: =TRUNC(S13*R13) -> 30000000 | AA13: 송풍기 인버터 수리 | AB13: 식 | AC13: 1 | AD13: 30000000 | AE13: =TRUNC(AD13*AC13) -> 30000000
D14: 전기실 UPS관련 | E14: 식 | F14: 1 | G14: 10000000 | H14: =TRUNC(G14*F14) -> 10000000 | P14: 전기실 UPS관련 | Q14: 식 | R14: 1 | S14: 10000000 | T14: =TRUNC(S14*R14) -> 10000000 | AA14: 전기실 UPS관련 | AB14: 식 | AC14: 1 | AD14: 10000000 | AE14: =TRUNC(AD14*AC14) -> 10000000
D15: 순환펌프 수리 | E15: 식 | F15: 1 | G15: 10000000 | H15: =TRUNC(G15*F15) -> 10000000 | P15: 순환펌프 수리 | Q15: 식 | R15: 1 | S15: 10000000 | T15: =TRUNC(S15*R15) -> 10000000 | AA15: 순환펌프 수리 | AB15: 식 | AC15: 1 | AD15: 10000000 | AE15: =TRUNC(AD15*AC15) -> 10000000
D16: 소방설비 보수 | E16: 식 | F16: 1 | G16: 5000000 | H16: =TRUNC(G16*F16) -> 5000000 | P16: 소방설비 보수 | Q16: 식 | R16: 1 | S16: 5000000 | T16: =TRUNC(S16*R16) -> 5000000 | AA16: 소방설비 보수 | AB16: 식 | AC16: 1 | AD16: 5000000 | AE16: =TRUNC(AD16*AC16) -> 5000000
D17: 엘리베이터 보수 | E17: 식 | F17: 1 | G17: 3000000 | H17: =TRUNC(G17*F17) -> 3000000 | P17: 엘리베이터 보수 | Q17: 식 | R17: 1 | S17: 3000000 | T17: =TRUNC(S17*R17) -> 3000000 | AA17: 엘리베이터 보수 | AB17: 식 | AC17: 1 | AD17: 3000000 | AE17: =TRUNC(AD17*AC17) -> 3000000
D18: 컨테이너 이송설비 수리 | E18: 식 | F18: 1 | G18: 40000000 | H18: =TRUNC(G18*F18) -> 40000000 | P18: 컨테이너 이송설비 수리 | Q18: 식 | R18: 1 | S18: 40000000 | T18: =TRUNC(S18*R18) -> 40000000 | AA18: 컨테이너 이송설비 수리 | AB18: 식 | AC18: 1 | AD18: 40000000 | AE18: =TRUNC(AD18*AC18) -> 40000000
D19: 송풍기 모터 보수 | E19: 식 | F19: 1 | G19: 30000000 | H19: =TRUNC(G19*F19) -> 30000000 | P19: 송풍기 모터 보수 | Q19: 식 | R19: 1 | S19: 30000000 | T19: =TRUNC(S19*R19) -> 30000000 | AA19: 송풍기 모터 보수 | AB19: 식 | AC19: 1 | AD19: 30000000 | AE19: =TRUNC(AD19*AC19) -> 30000000
D20: 통신관련 수리,구매 | E20: 식 | F20: 1 | G20: 20000000 | H20: =TRUNC(G20*F20) -> 20000000 | P20: 통신관련 수리,구매 | Q20: 식 | R20: 1 | S20: 20000000 | T20: =TRUNC(S20*R20) -> 20000000 | AA20: 통신관련 수리,구매 | AB20: 식 | AC20: 1 | AD20: 20000000 | AE20: =TRUNC(AD20*AC20) -> 20000000
... D26: 원심분리수 보수 | E26: 식 | F26: 1 | G26: 60000000 | H26: =TRUNC(G26*F26) -> 60000000 | P26: 건축물 설비 보수 | Q26: 식 | R26: 1 | S26: 20000000 | T26: =TRUNC(S26*R26) -> 20000000 | AA26: 컴팩터 관련 수리 | AB26: 식 | AC26: 1 | AD26: 20000000 | AE26: =TRUNC(AD26*AC26) -> 20000000
D27: 전환밸브 보수 | E27: 식 | F27: 1 | G27: 80000000 | H27: =TRUNC(G27*F27) -> 80000000 | J27: 1식 | P27: 긴급 수리비 | Q27: 식 | R27: 1 | S27: 80000000 | T27: =TRUNC(S27*R27) -> 80000000 | AA27: 긴급 수리비 | AB27: 식 | AC27: 1 | AD27: 80000000 | AE27: =TRUNC(AD27*AC27) -> 80000000
D28: 건축물 설비 보수 | E28: 식 | F28: 1 | G28: 20000000 | H28: =TRUNC(G28*F28) -> 20000000 | J28: 1식 | T28: =TRUNC(S28*R28) -> 0 | AE28: =TRUNC(AD28*AC28) -> 0
B30: 계(연간) | H30: =SUM(H7:H29) -> 635840000 | N30: 계(연간) | T30: =SUM(T7:T29) -> 584840000 | Y30: 계(연간) | AE30: =SUM(AE7:AE29) -> 595840000
B31: 계(월간) | H31: =TRUNC(H30/12) -> 52986666 | J31: 계(연간)÷12개월 | N31: 계(월간) | T31: =TRUNC(T30/12) -> 48736666 | V31: 계(연간)÷12개월 | Y31: 계(월간) | AE31: =TRUNC(AE30/12) -> 49653333 | AG31: 계(연간)÷12개월
A32: 주 1) 단가 : 전문업체 위탁운영비 청구내역서 참조 | M32: 주 1) 단가 : 전문업체 위탁운영비 청구내역서 참조

Sheet 변동)측정검사수수료
A1: ="[ 표 : "&K1&" ] " -> [ 표 : 32 ] | K1: ='변동)수선유지비'!K1+1 -> 32
A2: 측정검사수수료산출표
J4: 단위 : 원/월
B5: 구 분 | D5: 세 부 내 용 | E5: 단위 | F5: 수 량 | G5: 단 가 | H5: 금 액 | I5: 비 고
G6: 주 1)
B7: 측정검사수수료 | D7: 승강기 정기안전검사 | E7: 회 | F7: 1 | G7: 109600 | H7: =TRUNC(G7*F7) -> 109600 | J7: 1회/년×1개소
D8: 전기안전정기검사 | E8: 회 | F8: 1.3333 | G8: 994200 | H8: =TRUNC(G8*F8) -> 1325566 | J8: 1회×4개소÷3년
D9: 공기압축기탱크 정기검사 | E9: 회 | F9: 2 | G9: 66000 | H9: =TRUNC(G9*F9) -> 132000 | J9: 1회/2년×4개소
D10: 호이스트 정기검사 | E10: 회 | F10: 2 | G10: 118000 | H10: =TRUNC(G10*F10) -> 236000 | J10: 1회/2년×4개소
B12: 계(연간) | H12: =SUM(H7:H11) -> 1803166
B13: 계(월간) | H13: =TRUNC(H12/12) -> 150263 | J13: 계(연간)÷12개월
A14: 주 1) 단가 : 전문업체 위탁운영비 청구내역서 참조

Sheet 변동)안전점검대행비
A1: ="[ 표 : "&K1&" ] " -> [ 표 : 33 ] | K1: ='변동)측정검사수수료'!K1+1 -> 33
A2: 안전점검 대행수수료산출표
J4: 단위 : 원/월
B5: 구 분 | D5: 세 부 내 용 | E5: 단위 | F5: 수 량 | G5: 단 가 | H5: 금 액 | I5: 비 고
G6: 주 1)
B7: 전기안전점검 대행수수료 | D7: 제1집하장 | E7: 회 | F7: 12 | G7: 530000 | H7: =TRUNC(G7*F7) -> 6360000 | J7: 1회×12개월
D8: 제2집하장 | E8: 회 | F8: 12 | G8: 530000 | H8: =TRUNC(G8*F8) -> 6360000 | J8: 1회×12개월
D9: 제3집하장 | E9: 회 | F9: 12 | G9: 530000 | H9: =TRUNC(G9*F9) -> 6360000 | J9: 1회×12개월
D10: 제4집하장 | E10: 회 | F10: 12 | G10: 530000 | H10: =TRUNC(G10*F10) -> 6360000 | J10: 1회×12개월
B11: 승강기유지보수 | D11: 제1집하장 | E11: 회 | F11: 12 | G11: 170000 | H11: =TRUNC(G11*F11) -> 2040000 | J11: 1회×12개월
B12: 소방안전관리 대행수수료 | D12: 제1-4집하장 | E12: 회 | F12: 48 | G12: 37500 | H12: =TRUNC(G12*F12) -> 1800000 | J12: 12회/년×4개소
B14: 계(연간) | H14: =SUM(H7:H13) -> 29280000
B15: 계(월간) | H15: =TRUNC(H14/12) -> 2440000 | J15: 계(연간)÷12개월
A16: 주 1) 단가 : 전문업체 위탁운영비 청구내역서 참조

Sheet 변동)차량유지비
A1: ="[ 표 : "&K1&" ] " -> [ 표 : 34 ] | K1: ='변동)안전점검대행비'!K1+1 -> 34
A2: 차량유지비산출표
J4: 단위 : 원/월
B5: 구 분 | D5: 세 부 내 용 | E5: 단위 | F5: 수 량 | G5: 단 가 | H5: 금 액 | I5: 비 고
G6: 주 1)
B7: 차량리스비 (보험료포함) | D7: 봉고3 초장축 더블캡(1톤) | E7: 대/월 | F7: 48 | G7: 479000 | H7: =TRUNC(G7*F7) -> 22992000 | J7: 4대×12개월
D8: 봉고3 초장축 싱글캡(1톤) | E8: 대/월 | F8: 12 | G8: 473000 | H8: =TRUNC(G8*F8) -> 5676000 | J8: 1대×12개월
D9: 스포티지 가솔린(1.6터보) | F9: 12 | G9: 808000 | H9: =TRUNC(G9*F9) -> 9696000 | J9: 1대×12개월
B10: 유류비 | D10: 업무용 트력(경유) | E10: ℓ | F10: 12000 | G10: 1400 | H10: =TRUNC(G10*F10) -> 16800000 | J10: 5대×약 200ℓ/월×12개월
D11: 업무용 차량(가솔린) | E11: ℓ | F11: 2400 | G11: 1585 | H11: =TRUNC(G11*F11) -> 3804000 | J11: 1대×약 200ℓ/월×12개월
B12: 차량수리비 | D12: 사고 자차 금액 및 소손 수리 | E12: 식 | F12: 6 | G12: 50000 | H12: =TRUNC(G12*F12) -> 300000 | J12: 5식
B15: 계(연간) | H15: =SUM(H7:H14) -> 59268000
B16: 계(월간) | H16: =TRUNC(H15/12) -> 4939000 | J16: 계(연간)÷12개월
A17: 주 1) 단가 : 전문업체 위탁운영비 청구내역서 참조
A21: 2023년 오피넷 6월 둘째주 전국주요소 경유 판매가격 1396.3원, 휘발유 1582.4원, 머니S 2023.6.17 https://www.moneys.co.kr/news/mwView.php?no=2023061617013930718

Sheet 변동)보안관리비
A1: ="[ 표 : "&K1&" ] " -> [ 표 : 35 ] | K1: ='변동)차량유지비'!K1+1 -> 35
A2: 보안관리비산출표
J4: 단위 : 원/월
B5: 구 분 | D5: 세 부 내 용 | E5: 단위 | F5: 수 량 | G5: 단 가 | H5: 금 액 | I5: 비 고
G6: 주 1)
B7: 보안관리비 | D7: ADT 캡스 | E7: 회 | F7: 48 | G7: 130000 | H7: =TRUNC(G7*F7) -> 6240000 | J7: 4집하장×12개월
B11: 계(연간) | H11: =SUM(H7:H10) -> 6240000
B12: 계(월간) | H12: =TRUNC(H11/12) -> 520000 | J12: 계(연간)÷12개월
A13: 주 1) 단가 : 전문업체 위탁운영비 청구내역서 참조

Sheet 변동)수집운반비
A1: ="[ 표 : "&H1&" ] " -> [ 표 : 36 ] | H1: ='변동)보안관리비'!K1+1 -> 36 | I1: 보유대수 | K1: 산출감가상각비 | L1: 대당감가상각비 | M1: 비 고
A2: 수집운반비 산출표 | I2: 3 | K2: =감가상각비!O9 -> 7944145 | L2: =K2/I2 -> 2648048.3
I4: 차량번호 | J4: 취득가액 | K4: 내용연수 | L4: 산출감가상각비 | M4: 비 고
A5: 운정신도시 자동집하시설 운영관리 민간위탁 용역 | F5: 단위: 원/월 | I5: 87러0196 | J5: 18790975 | K5: 6 | L5: =ROUND(J5/K5,0) -> 3131829 | M5: 환경팀 수집운반 차량(1톤)
A6: 구 분 | B6: 단위 | C6: 수량 | D6: 단가 | E6: 금 액 | F6: 비 고 | I6: 81수1150 | J6: 87125183 | K6: 6 | L6: =ROUND(J6/K6,0) -> 14520864 | M6: 음식물 쓰레기 수집운반 차량(7톤)
A7: 세금과공과 | B7: 회 | C7: 1 | D7: =K10 -> 8398637.1 | E7: =C7*D7 -> 8398637.1 | F7: 1회x12개월 | I7: 81수1107 | J7: 143411811 | K7: 6 | L7: =ROUND(J7/K7,0) -> 23901969 | M7: 일반 쓰레기 수집운반 차량(10톤)
A8: 감가상각비 | B8: 회 | C8: 1 | D8: =K2 -> 7944145 | E8: =C8*D8 -> 7944145 | F8: 3대×12개월 | I8: 합계 | L8: =SUM(L5:L7)-2 -> 41554660
A9: 유류비 | B9: 회 | C9: 34200 | D9: ='변동)차량유지비'!G10 -> 1400 | E9: =C9*D9 -> 47880000 | F9: 3대×약 950ℓ/월×12개월 | I9: 보유대수 | K9: 실 연간세금과공과 | M9: 대당세금과공과 | O9: 비 고
A10: 수리수선비 | B10: 회 | C10: 1 | D10: =L15 -> 110000 | E10: =C10*D10 -> 110000 | F10: 1회x12개월 | I10: 3 | K10: {='수집운반_세금과공과 '!C6:D6} -> 8398637.1 | L10: 0 | M10: 2799546
A11: 기타경비 | B11: 식 | C11: 1 | D11: =기타경비!D6 -> 5371750 | E11: =C11*D11 -> 5371750 | F11: 집계표 참조 | I11: 차량번호 | J11: 자동차세 | K11: 차량보험료 | L11: 차량검사비 | M11: 차량등록 면허세 | N11: 환경개선 부담금 | O11: 합계 | P11: 비 고
A12: 합계(연간) | E12: =SUM(E7:E11) -> 69704532 | I12: 87러0196 | J12: 27070 | K12: 3130050 | L12: 23000 | M12: 34000 | N12: 42899.22 | O12: 3257019.2 | P12: 환경팀 수집운반 차량(1톤)
A13: 합계(월간) | E13: =E12/12 -> 5808711 | F13: 계(연간)÷12개월 | I13: 81수1150 | J13: 65250 | K13: 1773800 | L13: 29000 | M13: 0 | N13: 113253.94 | O13: 1981303.9 | P13: 음식물 쓰레기 수집운반 차량(7톤)
A14: 주. 실제 운영 자료 참조 및 실사용금액 정산(부가가치세 면세 사업대상 임) | I14: 81수1107 | J14: 78750 | K14: 2910310 | L14: 58000 | M14: 0 | N14: 113253.94 | O14: 3160313.9 | P14: 일반 쓰레기 수집운반 차량(10톤)
I15: 합계 | J15: 171070 | K15: 7814160 | L15: 110000 | M15: 34000 | N15: 269407.1 | O15: 8398637.1

Sheet 수집운반_세금과공과 
A1: 세금과공과
A3: 세금과공과 집계표
H4: 단위: 원/대
A5: 보유대수 | C5: 실 연간세금과공과 | E5: 대당세금과공과 | G5: 비 고
A6: 3 | C6: =G17 -> 8398637.1 | E6: =ROUND(C6/A6,0) -> 2799546
A8: 주. 대당세금과공과 = 실 연간세금과공과 ÷ 보유대수
A11: 세금과공과 산출표
H12: 단위: 원
A13: 차량번호 | B13: 자동차세 | C13: 차량보험료 | D13: 차량검사비 | E13: 차량등록 면허세 | F13: 환경개선 부담금 | G13: 합계 | H13: 비 고
A14: 87러0196 | B14: 27070 | C14: 3130050 | D14: 23000 | E14: 34000 | F14: 42899.22 | G14: =SUM(B14:F14) -> 3257019.2 | H14: 환경팀 수집운반 차량(1톤)
A15: 81수1150 | B15: 65250 | C15: 1773800 | D15: 29000 | E15: 0 | F15: 113253.94 | G15: =SUM(B15:F15) -> 1981303.9 | H15: 음식물 쓰레기 수집운반 차량(7톤)
A16: 81수1107 | B16: 78750 | C16: 2910310 | D16: 58000 | E16: 0 | F16: 113253.94 | G16: =SUM(B16:F16) -> 3160313.9 | H16: 일반 쓰레기 수집운반 차량(10톤)
A17: 합계 | B17: =SUM(B14:B16) -> 171070 | C17: =SUM(C14:C16) -> 7814160 | D17: =SUM(D14:D16) -> 110000 | E17: =SUM(E14:E16) -> 34000 | F17: =SUM(F14:F16) -> 269407.1 | G17: =SUM(B17:F17) -> 8398637.1
A19: 주. 생활폐기물 수집·운반 작업과 직접 관련되어 부담하여야 할 자동차세, 차량보험료, 환경개선부담금 등의 세금 및 공과금

Sheet 기타경비
A1: 기타경비
A3: 기타경비 집계표
F4: 단위: 원/%
A5: 노무비 합계 | B5: 비율 | D5: 기타경비 | F5: 비 고
A6: =(인건비집계!T23+인건비집계!T24)*12 -> 111678792 | B6: =F22 -> 0.0481 | D6: =ROUND(A6*B6,0) -> 5371750
A8: 주. 운반팀의 노무비 합계 적용
A10: <표 18.3.2> 기타경비율 산출표
A12: 구 분 | B12: 배 부 율 | E12: 합계 | F12: 평균
B13: 공사종류 (산업설비) | C13: 공사규모 (5억~30억) | D13: 공사기간 (7~12개월)
A14: 전력비 | B14: 0.0009 | C14: 0.00149 | D14: 0.00205 | E14: =SUM(B14:D14) -> 0.00444 | F14: 개별계산
A15: 수도광열비 | B15: 0.01193 | C15: 0.00184 | D15: 0.00166 | E15: =SUM(B15:D15) -> 0.01543 | F15: 개별계산
A16: 복리후생비 | B16: 0.02456 | C16: 0.01642 | D16: 0.01914 | E16: =SUM(B16:D16) -> 0.06012 | F16: 개별계산
A17: 소모·사무용품 | B17: 0.01932 | C17: 0.0154 | D17: 0.01816 | E17: =SUM(B17:D17) -> 0.05288 | F17: =ROUND(E17/3,5) -> 0.01763
A18: 여비·교통비·통신비 | B18: 0.00369 | C18: 0.00416 | D18: 0.003532 | E18: =SUM(B18:D18) -> 0.011382 | F18: =ROUND(E18/3,5) -> 0.00379
A19: 세금과공과 | B19: 0.00234 | C19: 0.00674 | D19: 0.00626 | E19: =SUM(B19:D19) -> 0.01534 | F19: 개별계산
A20: 도서인쇄비 | B20: 0.0004 | C20: 0.00065 | D20: 0.00055 | E20: =SUM(B20:D20) -> 0.0016 | F20: =ROUND(E20/3,5) -> 0.00053
A21: 지급수수료 | B21: 0.0304 | C21: 0.02247 | D21: 0.02557 | E21: =SUM(B21:D21) -> 0.07844 | F21: =ROUND(E21/3,5) -> 0.02615
A22: 합계 | F22: =SUM(F14:F21) -> 0.0481
A24: 주. 대한건설협회에서 2022년 09월 발표한 '2021년 기준 완성공사 원가통계 경비율'에 근거하여 산출함

Sheet 수리수선비
A1: 수리수선비
A3: 수리수선비 집계표 | BM3: 1월
BH4: 단위: 원/대 | BM4: 434000
A5: 보유 차량 대수 | T5: 실 연간수리수선비 | AK5: 대당수리수선비 | BB5: 비 고
A6: 3 | T6: =BA16 -> 110000 | AK6: =T6/A6 -> 36666.667
A8: 주. 대당수리수선비 = 실 연간수리수선비 ÷ 보유 차량 대수 | BM8: 2월
BM9: 0
A10: 실 연간 수리수선비 산출표
A12: 차량 번호 | E12: 규격 | H12: 정비비 계수 | M12: 차량가격(원) | S12: 시간당 비용(원) | X12: 1일평균 운행 시간 | AB12: 1일 수리비(원) | AG12: 작업 일수(일) | AJ12: 가중치 | AN12: 연간 수리비(원) | AV12: 검사 수수료(원) | BA12: 연간 수리수선비(원) | BM12: 3월
A13: 87러 0196 | E13: 1톤 | H13: 1067 | M13: 21005000 | S13: =ROUND(H13*M13/10000000,0) -> 2241 | X13: 6.67 | AB13: =S13*X13 -> 14947.47 | AG13: 279 | AJ13: 0 | AN13: =ROUND(AB13*AG13*AJ13,0) -> 0 | AV13: 23000 | BA13: =AN13+AV13 -> 23000 | BM13: 402160
A14: 81수 1150 | E14: 7톤 | H14: 1067 | M14: 97058300 | S14: =ROUND(H14*M14/10000000,0) -> 10356 | X14: 0.79 | AB14: =S14*X14 -> 8181.24 | AG14: 188 | AJ14: 0 | AN14: =ROUND(AB14*AG14*AJ14,0) -> 0 | AV14: 29000 | BA14: =AN14+AV14 -> 29000
A15: 81수 1107 | E15: 10톤 | H15: 1000 | M15: 160400000 | S15: =ROUND(H15*M15/10000000,0) -> 16040 | X15: 4.19 | AB15: =S15*X15 -> 67207.6 | AG15: 293 | AJ15: 0 | AN15: =ROUND(AB15*AG15*AJ15,0) -> 0 | AV15: 58000 | BA15: =AN15+AV15 -> 58000 | BM15: 4월
A16: 합계 | AN16: =SUM(AN13:AU15) -> 0 | AV16: =SUM(AV13:AZ15) -> 110000 | BA16: =SUM(BA13:BH15) -> 110000 | BM16: 716100
A18: 주 1. 표준품셈에서 차량유지관리비는 상각비계수, 정비비계수, 관리비계수를 합산하여 산정하도록 하고 있음. 그러나 상각비는 개별 산정하며, 관리비계수는 | BM18: 5월
A19: 실제 관리비용으로 지급되는 경우가 거의 없기 때문에 과대계상 방지를 위해 상각비계수 및 관리비계수는 반영하지 않음 | BM19: 1196000
A20: 2. 표준품셈에 의해 산정된 수리비에 현실적인 측면을 반영하여, 차량 구입 연수(사용연수)에 따른 가중치를 부여하여 조정함
A21: ※ 실제 신차의 경우 수리비는 거의 발생하지 않으며, 차량 사용 기간이 증가함에 따라 수리비도 증가함. 이러한 측면을 고려하지 않고 산정된 수리비를
A22: 100% 인정할 경우 과대계상의 우려가 있음
A23: 3. 정비비계수: 2023년 건설공사표준품셈 참고
A24: 4. 시간당 비용 = 정비비계수 × 차량가격 × 10-7 | BM24: 6월
A25: 5. 운행시간
A26: - 1톤: 8시간 중 1시간 당 휴게시간 10분을 감하여 산정 | BM26: 275000
A27: - 7톤, 10톤: 2023년 1월~3월 작업일지 참고
A28: 6. 1일 수리비 = 시간당 비용 × 운행시간 | BM28: 7월
A29: 7. 작업일수: 2023년 1월~3월 작업일지를 참고하여 1년 작업 일수 추정 | BM29: 0
A30: 8. 연간 수리비 = 1일 수리비 × 작업일수 × 가중치
A31: 9. 연간 수리수선비 = 연간 수리비 + 검사수수료
BM32: 8월
A33: <표 18.5.3> 내용연수별 가중치 | BM33: 3480000
A35: 구 분 | M35: 1년차 | T35: 2년차 | AA35: 3년차 | AI35: 4년차 | AP35: 5년차 | AV35: 6년차 | BA35: 7년차 이후 | BM35: 9월
A36: 가중치 | M36: 0.3 | T36: 0.4 | AA36: 0.5 | AI36: 0.6 | AP36: 0.7 | AV36: 0.8 | BA36: 수리비미반영 | BM36: 89000
BM39: 10월
BM40: 135000
BM44: 11월
BM46: 37500
BM48: 12월
BM49: 0
BM51: 계
BM52: =BM4+BM13+BM16+BM19+BM26+BM33+BM36+BM40+BM46 -> 6764760

Sheet 감가상각비
B2: 파주운정 자동집하시설 차량 감가 상각 현황표
B4: 구분 | C4: 차량대상금액 | D4: 적용금액 (85.57%) | E4: 1년적용금액 (1/6) | F4: 승인날짜 | G4: 월간감가상각비 | H4: 18년 적용금액 (월간) | I4: 1회차 | J4: 2회차 | K4: 3회차 | L4: 4회차 | M4: 5회차 | N4: 6회차 | O4: 7회차 | P4: 총합계
I5: 18년감가상금액 | J5: 19년 | K5: 20년 | L5: 21년 | M5: 22년 | N5: 23년 | O5: 24년
B6: 1톤 밀폐형 | C6: 21959770 | D6: =INT(C6*0.8557) -> 18790975 | E6: =INT(D6/6) -> 3131829 | F6: 43234 | G6: =INT(D6/6/12) -> 260985 | H6: 165886 | I6: =INT(E6/365*133) -> 1141187 | J6: =E6 -> 3131829 | K6: =E6 -> 3131829 | L6: =E6 -> 3131829 | M6: =E6 -> 3131829 | N6: =E6 -> 3131829 | O6: =M6-I6+1 -> 1990643 | P6: =SUM(I6:O6) -> 18790975
B7: 일반암롤(10톤) | C7: 101817440 | D7: =INT(C7*0.8557) -> 87125183 | E7: =INT(D7/6) -> 14520863 | F7: 43272 | G7: =INT(D7/6/12) -> 1210071 | H7: 643161 | I7: =INT(E7/365*171)+1764445 -> 8567369 | J7: =E7 -> 14520863 | K7: =E7 -> 14520863 | L7: =E7 -> 14520863 | M7: =E7 -> 14520863 | N7: =E7 -> 14520863 | O7: =M7-I7+5+3 -> 5953502 | P7: =SUM(I7:O7) -> 87125186
B8: 음식물(7톤) | C8: 167595900 | D8: =INT(C8*0.8557) -> 143411811 | E8: =INT(D8/6) -> 23901968 | F8: 43101 | G8: =INT(D8/6/12) -> 1991830 | H8: 1991830 | I8: =E8/365*365 -> 23901968 | J8: =E8 -> 23901968 | K8: =E8 -> 23901968 | L8: =E8 -> 23901968 | M8: =E8 -> 23901968 | N8: =E8 -> 23901968 | O8: 0 | P8: =SUM(I8:O8) -> 143411808
B9: 총합계 | C9: =SUM(C6:C8) -> 291373110 | D9: =SUM(D6:D8) -> 249327969 | E9: =C9-D9 -> 42045141 | F9: (차액금액) | I9: =SUM(I6:I8) -> 33610524 | J9: =SUM(J6:J8) -> 41554660 | K9: =SUM(K6:K8) -> 41554660 | L9: =SUM(L6:L8) -> 41554660 | M9: =SUM(M6:M8) -> 41554660 | N9: =SUM(N6:N8) -> 41554660 | O9: =SUM(O6:O8) -> 7944145 | P9: =SUM(P6:P8) -> 249327969
B11: 엔백 (18~20년) : | C11: =I9+J9+K9 -> 116719844 | E11: 잔존가치 | G11: 지급대금총액
B12: 브늬엘 (21~24년) : | C12: =L9+M9+N9+O9 -> 132608125 | E12: =C9-C13 -> 42045141 | G12: =E12+C12 -> 174653266
B13: 총합계 : | C13: =C11+C12 -> 249327969
I22: 33610524
I23: =I22-I9 -> 0

Sheet 변동-대)전력비
A1: ="[ 표 : "&K1&" ] " -> [ 표 : 37 ] | K1: ='변동)수집운반비'!H1+1 -> 37
A2: 전력비산출표
J4: 단위 : 원/월
B5: 구 분 | D5: 세 부 내 용 | E5: 단위 | F5: 수 량 | G5: 단 가 | H5: 금 액 | I5: 비 고
F6: 주 1) | G6: 주 2)
B7: 기본요금 | E7: kw/년 | F7: =전력사용량!$P$22/'변동-대)전력비'!$G$7 -> 32625.516 | G7: 8320 | H7: =TRUNC(G7*F7) -> 271444292 | J7: 8,156.5kw/년×4개소 | L7: =F7/4 -> 8156.379
B8: 예비요금 | E8: 식 | F8: 1 | G8: =전력사용량!$U$22 -> 17157596 | H8: =TRUNC(G8*F8) -> 17157596 | J8: 1식 | L8: 일일사용비율 | M8: 봄,가을 | N8: 여름 | O8: 겨울
B9: 사용요금 | D9: 제1집하장 | E9: kw/년 | F9: =전력사용량!H$26 -> 2205342.5 | G9: =$P$12 -> 121.23667 | H9: =TRUNC(G9*F9) -> 267368373 | J9: 2,213,499kw/년-8,156.5kw/년 | L9: 50 | M9: 87.3 | N9: 87.3 | O9: 94.3 | R9: =M9/N9 -> 1 | S9: =M9/O9 -> 0.92576882
D10: 제2집하장 | E10: kw/년 | F10: =전력사용량!I$26 -> 3728814.5 | G10: =$P$12 -> 121.23667 | H10: =TRUNC(G10*F10) -> 452069040 | J10: 3,736,971kw/년-8,156.5kw/년 | L10: 30 | M10: 140.2 | N10: 109.8 | O10: 140.4
D11: 제3집하장 | E11: kw/년 | F11: =전력사용량!J$26 -> 2123698.5 | G11: =$P$12 -> 121.23667 | H11: =TRUNC(G11*F11) -> 257470127 | J11: 2,131,855kw/년-8,156.5kw/년 | L11: 20 | M11: 222.3 | N11: 140.5 | O11: 197.9
D12: 제4집하장 | E12: kw/년 | F12: =전력사용량!K$26 -> 2915601.5 | G12: =$P$12 -> 121.23667 | H12: =TRUNC(G12*F12) -> 353477807 | J12: 2,923,758kw/년-8,156.5kw/년 | M12: =M9*0.5+M10*0.3+M11*0.2 -> 130.17 | N12: =N9*0.5+N10*0.3+N11*0.2 -> 104.69 | O12: =O9*0.5+O10*0.3+O11*0.2 -> 128.85 | P12: =(M12+N12+O12)/3 -> 121.23667
B14: 계(연간) | H14: =SUM(H7:H13) -> 1618987235
B15: 계(월간) | H15: =TRUNC(H14/12) -> 134915602 | J15: 계(연간)÷12개월 | M15: =M9/M10 -> 0.62268188 | N15: =N9/N10 -> 0.79508197 | O15: =O9/O10 -> 0.67165242
A16: ="주 1) 수량 : "&전력사용량!A1&전력사용량!A2&" 참조" -> 주 1) 수량 : [ 표 : 38 ] 전력사용량(kWh)산출표 참조 | M16: =M10/M11 -> 0.63067926 | N16: =N10/N11 -> 0.78149466 | O16: =O10/O11 -> 0.70944922
A17: 2) 단가 : 전문업체 위탁운영비 청구내역서 및 전기요금 청구고지서 참조

Sheet 전력사용량
A1: ="[ 표 : "&M1&" ] " -> [ 표 : 38 ] | M1: ='변동-대)전력비'!K1+1 -> 38
A2: 전력사용량(kWh)산출표
P4: 기본요금 | V4: 예비기본요금 | W4: 0.05 | AB4: 상수도 | AG4: 하수도 | AL4: 물부담금 | AQ4: 도시가스
B5: 구분 | D5: 당해 전력사용량(kWh) | H5: 예상 전력사용량(kWh) | L5: 비고 | N5: 0.0547
D6: 제1집하장 | E6: 제2집하장 | F6: 제3집하장 | G6: 제4집하장 | H6: 제1집하장 | I6: 제2집하장 | J6: 제3집하장 | K6: 제4집하장 | P6: 가람 | Q6: 해솔 | R6: 한울 | S6: 한빛 | U6: 가람 | V6: 해솔 | W6: 한울 | X6: 한빛 | AA6: 가람 | AB6: 해솔 | AC6: 한울 | AD6: 한빛 | AF6: 가람 | AG6: 해솔 | AH6: 한울 | AI6: 한빛 | AK6: 가람 | AL6: 해솔 | AM6: 한울 | AN6: 한빛
B8: 1월 | D8: 173459 | E8: 300004 | F8: 165054 | G8: 234884 | H8: =TRUNC(D8+D8*$N$5) -> 182947 | I8: =TRUNC(E8+E8*$N$5) -> 316414 | J8: =TRUNC(F8+F8*$N$5) -> 174082 | K8: =TRUNC(G8+G8*$N$5) -> 247732 | P8: 10495277 | Q8: 10805264 | R8: 9727690 | S8: 9860541 | U8: 524763 | V8: 1080526 | W8: =$W$4*R8 -> 486384.5 | X8: 493027 | AA8: 446300 | AB8: 287000 | AC8: 239000 | AD8: 371000 | AF8: 618350 | AG8: 397700 | AH8: 331460 | AI8: 513620 | AK8: 32930 | AL8: 21950 | AM8: 18600 | AN8: 27810 | AP8: 937400
